fingerprint,target,proba
f9e5c6dc3b0cf42d89847b664103ad42,0,0.004962942
9faf51330aa69e3513a989ac7fd88657,0,0.0043568457
8f61c32fefd20e8664b6a086af017365,0,0.0063389214
98bdd333d43725a0fc42f29bbb46acba,0,0.022414217
2bfb27729544302dd632346998539bf1,0,0.006073935
ceff00e6db6786dba9058438d531c296,0,0.0057302467
9d79c65aa14656dd2f92a5843a7107a4,0,0.0065642493
211c2e40a9e2f6f66cb66aa514e30e69,0,0.0059340666
3193e3313db188c755d12a3f4f443167,0,0.006463138
a23f9e0ef4d07fe06f1b274d8bb678b8,0,0.021615336
459bdc6777c2ae26353335ec3c7b4375,0,0.0064506084
5adbc309ca74cc52c155d55fb5f38632,0,0.0043230867
c44ba7fea7f280bc966cb819ab9f247d,0,0.0038844768
7176799afff20451072ca422bc474304,0,0.0156486
838a5dfcac8569d737b95cad2daec9f9,0,0.0041581606
1805eac86474fa29088ad1d34cad1246,0,0.005322535
9b9f9a34376e831c9fe4300c0e7ccca2,0,0.0043823365
dd2ffad741110e7975629f4a9badbdd6,0,0.014009566
ae90c57a709beb489569020684ad4126,0,0.0640069
e7a21641ab47f8cc59f43fc7fc3a8541,0,0.003787458
f57af96ad5d29bd9f9111bc5612cab38,1,0.18003458
b9b7e0bb6fc612d9123e31e718fd295f,0,0.008577485
3836f85df8ba2236f942e1d42b58c8c6,0,0.00997492
864422e22112129a2b55aecab8d8d87a,0,0.0460339
ef88c02d27fbf1cbf3d719e82071b2d9,0,0.004150081
ebd93241e04cd2096291493b9b915c9f,0,0.003707253
33734b40c58ad7a3c98e9596fdcba3c7,0,0.00809329
932967c4f20912adbace19976a2bfb11,0,0.005448068
7dc33313f6d0cb6f72ec7524e31af899,0,0.0091787735
c81240357326de65d6687916aee6c699,0,0.0043568457
9754d36360be982dad3aa34553342876,0,0.0053432565
9d44e6d49e9ec561134617e9593ba488,0,0.009802816
6a148329a1494401a6d4bc85494168ed,0,0.007651032
86272ec5af202cad15746eba84d65169,0,0.0051296344
3e8470fa8dfbfe49ea2049b49ed23150,0,0.0071629784
514fc59d55a39b81dc59f175f9009fcb,0,0.015014747
7d521c45957c618e1da59b9538689930,0,0.005230278
e63dca6bb6d4b4663754e2147443bb01,0,0.0058653387
86ac772bacda27d8670a4f4b9339cba6,0,0.004416556
75ca441fbdbf1bf279f49b3017d6652c,0,0.004943689
6104eb503a8d42b1128878499019c737,0,0.0045738644
88afb908e842971e9877ff59dd53c440,0,0.0034564096
993648c0826bc0ee155535dbf2894741,0,0.0083319
f2647ad614523b8d36bfafe1a709463c,0,0.0053018946
642ca63b3e2b2ff3636a0d4b1901b193,0,0.006984649
560e9d6d1e6def3fc942de6f33124baa,0,0.009072807
9f5a61430412a7aa9b0426021d31d451,0,0.0034698907
ed9b129e9ac3f6edff73ce62691d4948,0,0.006363574
5d6301b8e6ce2f7968027a365d5f5239,0,0.0039300853
1fdbb7d27cac2be9bd6f592b49ddabb7,0,0.0050211498
b6e2c735f7cc79f6b98760d98ff3269a,0,0.0035936027
9d03f8884f6450a73630536a4aa42a7f,0,0.00581996
bb1329789a38b4cabb9d9336814e50d0,0,0.0036146443
be0ba8b41f33c3dd793fec5286a764ed,0,0.0041099153
177a7975b8fa43f0b8252c52861b838c,0,0.0062899017
b02cf3f0fb12d34a68b331e5dd359d48,0,0.02145073
109c5f4fec7e37edcc973e99c462e044,0,0.4782547
a3f644b013fbe010426ba10c931fced6,0,0.036838703
fc27594b9efff95c332294c120410b43,0,0.0044597047
8c0f55619eface2033d24234025697f6,0,0.0045296163
919ad4255dfd475a5042c14fe0b34293,0,0.0046365354
3ba7a22fb62e218643d8e3cf5f39db95,0,0.22507578
0c5549105f456c3f0f3d399b9b02cf18,0,0.004425152
99c5d40329662663879b946abd8728b0,0,0.005554925
97fdbd527354c8802f7f91d4e91b32ca,0,0.004281255
2878602215dfdc2c500b31e04140bec9,0,0.0037217084
fc6119b5d086ba1f798bee8177a02ec2,0,0.0037654138
ca4577e7a45a3bb72584522597e5d17e,0,0.0076214303
f03b7d6bd75a67465a20fcad162131c3,0,0.004477081
96854484a9a82e09ba7c487a995f6588,1,0.9813643
2b51f8ded7b4fa9c75945339ba8f43c1,0,0.00957791
805d7b47cc59a941dc44555142a0fdaf,0,0.0042151595
290aed3eb076646e95a7002ccc445e6e,0,0.0050211498
43bfb13f518fab2af1d289d6bb8a5056,0,0.031114379
5a6af6975350678db98951786189d1fd,0,0.0036006027
e1401d11dd0bce63bac1255a009beaa3,0,0.06656919
5b790ded948c286402b4d30b0a3a5587,0,0.0038543637
6a6dd81e4474aaa76c3e8f04ec7f6331,0,0.014871003
27a3d8f2dc3f69ac578fb5d8fb0b73b8,0,0.0043908665
5aa247da6c3380ca83c749f2a3edcae5,0,0.0053018946
43131ade86806aaa35df7cfb311eeb3a,0,0.100348406
9b77894d4ae0711ce2a9cdfb0dd625cc,0,0.020429842
947fb5f0e7eaaf6e2a9bf0a3dea514a3,0,0.03027187
b602de6309f0b621c1b7dc3d0ff40d0d,0,0.0039454065
4df5bb26089e27b7c57034c069bdedb8,0,0.0039839703
716331d4e5843ae78bc1b66fea1a41b8,0,0.012312326
a7c85d722a99dd6ff491451a988af94f,0,0.004117918
6d82901885a9f1e4ccfc9d3598a711a6,0,0.004442395
fbe62f768040540d49f7015140ccfaf8,0,0.011984203
5b9d09132c9f26794d40931fb7190aef,0,0.005641909
70907ee438f5e1739acb4ebfd661eadc,0,0.0057302467
d606f926287443a349b2f5b1af9782c6,0,0.0047000605
2f04c1aae634d7bb82c9acc2adb97710,0,0.0039224476
97afeb61c970bf9b262cdaec490f1657,0,0.004582765
d3c6c3c4cb602e7db0156593737c6d1f,0,0.0047092056
c41818a9199beb365549043ad72f5be1,0,0.008933403
07fc4885343e4e271c13077e62879559,0,0.006277706
73948c3a312c8f19acf80e9d0e688b3f,0,0.011508149
bb604d812be25527840a7fa79222cb2f,0,0.009376237
436791c3e930c6969d7eaf7cb12cf3a0,0,0.007176882
a018e745964883c28158222343816e58,0,0.0067843576
65348c8a33e76f119238e6f05423fabd,0,0.0043653254
b92b17bcbde603812ba0bd9f808fb42a,0,0.007066401
8095a6188db2fcf3ce71b34d1e8ffc88,0,0.009859855
673180abb61542a5553d6e929e0b944c,0,0.004248079
a43cd458b0fd6256497602986c2442bf,0,0.008364238
0466b06eba7407e9bd029c1adee3d293,0,0.020138742
6683633a87b881136f279269a41b506e,0,0.0048109824
323e624e631186e0a2c63aa5bcc29a3e,1,0.10167861
748ea599377e6bda5d3e7dcfdf25af62,1,0.011777842
90a550f8ebfefe850fee58779fcca107,0,0.003707253
2649922a2be102db861969568707d069,0,0.00930395
b8b92b91f6a098482e770a218aba7be6,0,0.0049340907
1a3f7e837994afab76ffff6c14550976,0,0.0042069694
020a8fc90617f598c461538158489f8e,0,0.013299493
fb0da9eca0d211fcc8abb7dfed803596,0,0.0044683837
f117d95cd723208c38d3694ae5e658f6,0,0.0047092056
af6c84d189187695c1862f68612bb70e,0,0.0036006027
8a60579027b7e02e0c45d5bb4a027cf1,0,0.013428254
efcd030cd0806045e6042eaa62dd1463,0,0.010631946
bc9526a77a84d196416829959524901c,0,0.020844316
d50055eb2aa73cee61f0149132171169,0,0.0045916834
7689ae19600d65bcbfc8d04640b7847e,0,0.004442395
019662e6bdc0beb0f472ad60048ca772,0,0.008156249
3ec9aca6e92b6eb485de8eb41424bce7,0,0.0051596225
4d3403a9cee6d6240ae893233834520a,0,0.0068239546
2afd1fd1f47a906310cc0a4ecc3a0175,0,0.008235631
560cfb78b9479a9247abf4ccf6321662,0,0.0037580945
c71a63cf0ff472985083d8bfd9c4b381,0,0.0036570965
4f02b59ee44030aa3b6b8f851d983c1a,0,0.022457054
2b9bd54838a4675b0999f224b55c244d,0,0.0045561143
cc99715a2f6c6f89a349b769e1f1cc86,0,0.011687259
0825069d2d40f91d2844542625cea12c,0,0.0040860027
b1183fb053556559a38a2aad5e19126c,0,0.024940256
2a5a6e5b09d79ba2b97d26ecb32b0e38,0,0.0061450917
391b3d1ac0773d8210d415609e583e51,0,0.0040622284
9f3736aad56bbd38ccbef573a5b21b1b,0,0.010881333
7f92a7cb81b82432f3283940b13377fa,0,0.01048909
23540831033ca7edd36944b141b34364,0,0.01685008
5c4c6036aa63593ab8dc704e22267829,0,0.0042151595
23cd7fe470e1dfc8c9b61b7d9bec5c21,0,0.005384938
1d24b2a2fcb788ea155adea4c0add979,0,0.0036642202
93265d1d167b7dafa4cb9f26070b218c,0,0.030763034
cc6b38140d12957a36b0c02344a989f8,0,0.0094125895
3a52ba8f9c07b702811a19f9d09a0a54,0,0.0049245106
55129f624075100500ac880fd23b7be5,0,0.016403032
19580a4f979cbffd1db6c8059d37a0c4,0,0.018246775
42603f8938a2e807fc0a0397e4180dd4,0,0.06620602
53fde0cdb3e5041054bc084f1ff3c7b2,0,0.011179602
6cb9c37082f65f8074542c638d374f09,0,0.01892357
99891b75c81c370098b86240c03c4605,0,0.006265534
7ce9a971147d4284f8eaca103bdbf0a5,0,0.0035588038
37bc545d4c90ac0569302f28607d1a74,0,0.007922627
53672d37c7df801de7fab24d09bbbeb4,0,0.007999754
afc99ea6486728297615aa983c3ae373,0,0.0037362208
d65146d66729eda2f0d56d19cddd4b24,0,0.0094125895
862c592d1e4d9e30b9a888a6847a8ab6,0,0.005968731
76b1c787a47ce0b31e245a043552381c,0,0.025154885
a2b7de410adcd68681a78f7be207ae5a,0,0.005089918
048920a88a9348c2ed60232cecdfe747,0,0.0041259355
140d20a3a6faf56cae6383ed3c7f24c4,0,0.0060621547
572af40089a9ced5cc8c37ed2282ac64,0,0.0034902103
6c020747e25fd7c69fc33b40de56ba1a,0,0.0046365354
a9f9df5babfa57492b77142c194d6924,0,0.0075187185
95fbb36e93bbcc87e74821b5068fac09,0,0.012698199
175e77a544e1f4a963c9a94bc8d9788f,0,0.052862894
554cc76e693bc09f56446308702f2929,0,0.009107993
b04f0809c277260d1a2ad304ac7e0d5c,0,0.010268431
c28d25cb01c582bdf95e05e21273910f,0,0.015875848
cbb88d00d6209197544c1ec25d2e7b15,0,0.007710576
447482d787a2dbfa1dee8e8c3ab2c2a1,0,0.0047183693
45b3a8820c57faca455f9a053fa74442,0,0.0043738233
48d2638abda284e01bd4770720bb7bc4,0,0.0074606435
20764eb2b345d1ac57a0b1c95e151544,0,0.0038844768
3aa89ae55eef90bc2c21697a52b207ab,0,0.0048391186
b2200d8e1eb477696dae071fb9dc0178,0,0.004485795
e4592440cced132341240c35342a3b7b,0,0.0046909326
0e915f309d825b92924360a5ce9ef35c,0,0.003846872
9d5133c019f6d45e53bcb733d086f21b,0,0.004991961
b002cf426373c589b12c285913f3182c,0,0.005641909
188c660491795228aef19038cf55b940,0,0.007968815
7075ca5b6121e1f58b75d9a2e093d4b0,0,0.011642225
e48dd9c944cd4a0c9595f60101b54997,0,0.011961098
7ee0f6af533cd923b2671c0f30a5823e,0,0.007446194
e4207c62e8ff4b8bee9b93f4e6c252c9,0,0.031588882
ced8d4a22d379d7d219f5136f616338b,0,0.007232764
2ff43c3857e2594571b7935547a19c87,0,0.7627777
50341f2befd8e12c1738af401a59e162,0,0.0072468016
a0a7be0c479925876dd8b5d4a26d06d8,0,0.004943689
a1d6eda508fbaba3093110a80a31a584,0,0.00498227
680198a599bf88221ec98ff77fe27fc7,0,0.009232215
9b64de37009920cad3093f05bac3f682,0,0.003750789
22679ec64c6a4e43703549e691664eb7,0,0.21543327
38220951d9dc7403182f21ecda8dc08d,0,0.0049340907
a5657c4df04ea538a55b9c4a1f7851ac,0,0.026105914
c65b4be556096b6b11fa017d0dacdd16,0,0.0054905633
b5887006e47d96d32f0f432d2d3ce553,0,0.0041824942
193949ab8a27162486b06e1673d61649,0,0.0036428906
b9db5411ce81087eb7716bcddfebca20,0,0.007665875
a38e4d6ae1817b09559c8147e00f1055,0,0.004348382
fa841e5e2a4b29aec4f92ac819be0d68,0,0.0059340666
1eba82284628c3866f5cb209aeac1f11,0,0.9899671
5fdaf37a2e2eb6001f5eca725ea2b73a,0,0.0038618704
daca9fd7cfbae940a8da2f972b42489a,0,0.011915022
83f169ea6ae808934247a6d6c7049689,0,0.0041743675
85d2c76f71fba386d9caad6f7a12ba5b,0,0.004166256
9d35fd1989d3708fe8ed252c8484c20b,0,0.0045472644
4bf7261984e2e1c3ae5834d6c544b9f3,0,0.076752976
1ada8ecb436478c809c53d990ab56d81,0,0.0050998176
d4b98b1de047c71bde658f9a86263bb6,0,0.005544146
3d4b76aca724aba656ff4305fead7ab1,0,0.005831272
e68c29ab68c16bc5abb2a8a9deddba08,0,0.005448068
9a0acea335a76ae22a350aa3b8bfb682,0,0.0063883206
a519bbc9ac2a65a272da0060310c2dd2,0,0.018617803
2a66f18837337a8afee09e9bf811802f,0,0.011984203
8e1c20713eb3237ba779ddb8f5a9930f,0,0.004582765
e879a2fa82009bef7d8a669d31c8d423,0,0.0072608665
6edf5709babf5cd4a9026f1d26557005,0,0.4127668
1d188977ea071a1aa631fa9871e76cbb,0,0.020158019
d9de6588df178173091fa15660590357,0,0.01781453
9c9c3e0e8b8f91e97afc9c1521d15153,1,0.9964619
403f2ac0142d391d5fdd151266299be3,0,0.010268431
245b091059cef4748e2a6c7310fa2352,0,0.00402291
cc41fbf84253dc17d60ff847dec494c1,1,0.99638534
f0742b041c5f02357e3f4b549a48a13b,0,0.020468965
b76b608bb7439f94b233dbc936bac554,0,0.008864499
ca18da8216772a71a4ebaa9d7a50e2df,0,0.023689471
7e22d1c2115671a7ac7b593541e648f7,0,0.02964751
07382050597c06e37eed0b6d38265e6a,0,0.9806178
8aca3cbd92cc558f74e3132234429d1b,0,0.0047092056
b8ab299ac97b8e3bc5ba540429966d64,0,0.0041743675
c8d0215039ff1e3aa6c0ebe100a4c114,0,0.0085278
dfe414505a3fa5330c60048fa400f203,0,0.0042895884
b598e479773ceed73516bd6edeb7cf3c,0,0.0069576087
b28f261145febac04b5e64cb86fd148a,0,0.0085443305
439f6fe3c3430afde595b03148382090,0,0.009376237
a290674bf342c78c455e8dde53d1d89f,0,0.81047887
42644a5f23567a469e179ad6c5b5adf6,0,0.052134257
36e33002a24ad7153758da95ab01f74d,0,0.003586616
886e5f4ba4e96441200c960a71c87271,0,0.0038393948
eaefc70700190927b824adcae37fbc56,0,0.005968731
ce3d70cad10b24fd6660c437c3303088,0,0.0072047687
2ab5756d4b932e71cf4aab57d13236de,1,0.98768765
a8b6bc694b77b2f7ac56fafeedc360a6,0,0.0123361
9b94b847e710bf0bf89f5ace64f67020,0,0.0046727294
26f0fb6e607b191fdcacf32f409cdb17,0,0.007039046
9ef1998cf63c20fbc0fef94ae86f2ad3,0,0.00478301
99c22f9c666f0714eeec3e44b614a867,0,0.015603535
d8462fd0ee132a46fd8f8581f83147bd,0,0.0059919516
3884451fe92b84f108d5e470b90accbf,0,0.0130707845
f804d02f8d84b68e2784051e1cdac78e,0,0.004425152
584714026387467cb011bca337e84b9c,0,0.0041099153
23cbe61785488946d9f76052e1445277,0,0.008898884
b3a568583aaf331e45903b7c65070254,0,0.0047092056
2296c822382e6c311c149355b046b59c,0,0.014227046
789d154157ed359e9a7610830c3d3a62,1,0.9964412
70d3dda56bb6cf0e28a32667989e802d,0,0.005119676
ad329fc5eac4dfc607f19d35f7b79008,0,0.010611421
2956e951a0f0b390b96b84b78eec81b1,0,0.0049533066
fe974cabf63757ad40501025754309d0,0,0.03807084
039a4b2c9aa9557ff71cf94cd67cf09a,0,0.012920473
2a7363a341ad3951ba2ca9579dd57a54,0,0.056496058
8e4a200329358738714fd5cec1562023,0,0.0072749583
d0509c07ef6ff64a7d578d31d002202e,0,0.004331502
e3d8f73efc558fe08071300be90f1246,0,0.0050998176
318aa75746f42b7feb4ebb5ba412ce5f,0,0.16158466
3c1a4173df8c34a72540e06504c4c7b2,0,0.006463138
b6a17378790c0acbfeeaf2f175788493,0,0.0127472645
1e1af516c15d9b68c6a967363781e39c,0,0.010818449
7a28ccf8614d20bf2092884b10d2e469,0,0.004801641
f736b2968129a031990dc48b753766cf,0,0.0057413853
f68b8e428c6f26e3b7989479b64d9e2e,0,0.0061809816
fb0f3b693c743c46493148cae5634a14,1,0.9964825
a102224f2692098555401d961a2848f3,0,0.008478402
00a39ae943b4bcbb42f71fa7fba58b46,0,0.0069982093
92f5a2e6cf32c28a6ccb9e470d41a14d,0,0.017226238
5c0de319e03f4d7a6e4f1eff7f733b48,0,0.0072608665
151c2d76917f3476d29ce1f84b570d01,0,0.007135252
2581c1cea3fa642b968d2e3dec872c2d,0,0.010189338
280d918277f03d81ad7ae0b52edad052,0,0.004512037
a59943d10e9a1a438aeed84128c701d9,0,0.0040622284
4238724d5e80f31af960060a218967c7,0,0.004820343
f5f54fb0c359c8e58c163043f8392af2,0,0.0038393948
7507e5aad9b2ba164f3ee47c5eb27d12,0,0.003678509
90f155436688048dd10bbb531894637e,0,0.01189205
2efcd4112f289eb216992c54411d5d01,0,0.0058539603
ec4f20d11f609aff355a555a62182680,0,0.0041581606
69ceb80baaf8ff013e665956548dde49,0,0.0038393948
15c18b49cc5e467abaa27bef7811c689,0,0.0048674173
c718e88d834b852f7b116204a95abae8,0,0.0036216858
b25d89adfd465941edfa4061c89dda32,0,0.0042069694
b5bbea0da2511989c9b21e4bdceff4a6,0,0.990732
2f4fa2fe7ce7cc255de7b94b06d41aa6,0,0.0043738233
d3a0046ae5391aeb1bb063f5fe1d86d2,0,0.0041420166
32293beb33bd402647801e412b609d7c,0,0.994146
b177db31430f80a379e059783cdaaa84,0,0.0433658
316bcaac331003cdde194550da480b67,0,0.0049533066
505f86471959e6330c4e469dcb84d167,0,0.00997492
39a048eddeec2834deeaa4b0e6119fd1,0,0.013821961
1a9b6b31235043464b52e67a1e016d5a,0,0.02207439
8d9233d8cdb5863440f3198ee0276cbe,0,0.0066153933
bb60230e420ecf405877bf00bcb5c001,0,0.009250097
80c19d568f347e85a1bc4d62fffc1074,0,0.0064256205
2d597b9429b7d4fe77adbc1e524c0973,0,0.0038996206
20b0685876c79eeed44141c70821d21a,0,0.0033179715
50c61a4d059b24e5dcce081790239a9f,0,0.004451041
3bc00c47ac552c72e7748b66182dda9f,0,0.0040072887
00427d65b9ae237633c43f8f3899adbe,0,0.0039685
5bbffeb33c8f2263d14c0b1c5d96af90,0,0.0057413853
5b44e77f9050e3aab9a002b2023152fc,0,0.013795364
91256f956359a929448a1c06675af3f2,0,0.058776557
838da5514243cbf25420ae64063d979c,0,0.0051797125
b7825e4caa199b16924873056aa7b35e,0,0.0036358088
9d149199ebaaeac6d83bcb02ee9cea0a,0,0.0056969603
62d4f78a5314d0950813a44bdf8c4004,0,0.014728613
e217ff995fffd0ce518348abeee93faf,0,0.010408315
75e5842169f6f5cef780ec12aa1b63a8,0,0.0060152626
b3e5a858c2789ade3dcc3a227ad3d66d,0,0.005945599
cdd0e2efd45a60218904231b587826bc,0,0.0044079763
b22a3b14579df9c1ca716a5698372a09,0,0.010013569
0dbea59b5e06995acdf2334da9ab8c69,0,0.0048297215
45787901b5406c871c6e347e2703210d,1,0.008478402
2ffcdb5ccae84217b4df72fa12daaff1,0,0.005030917
cc513f9449cb2644a8d7d617487c203f,0,0.007891985
9567627101c44c86bee96b89d1701257,0,0.004248079
b488a9bef5826224f6dde6221789216c,0,0.0058426056
80417a9e05003c367f6d5a530013ebf3,0,0.007861458
e3ae9c14a0223ce47ab8b28bdc51ad8f,0,0.008429287
7da025bfe807bcfd870eaf8e330854b7,0,0.02237146
e7ef498f299430d1a82663bd077a46a2,0,0.004512037
18c562330f0ad37fb1c3712af4687278,0,0.004281255
4bb7e34da6db2b1dfbe1125fb8fdebc2,0,0.006073935
6489218743f3e44f9f6d2d9772851d27,0,0.3907083
804649bb33d3d0bdcabb1e30eaf2d598,0,0.018211821
8034b5b107854b42421860ea861ef348,0,0.004348382
1374963e413e3780bbb72fcae69d5e0a,0,0.008745182
95d7a68c75da09b2d29c62a13d0f05b8,0,0.0043908665
374f56bd5767ca3c220af56c4f81f611,0,0.004494525
2da8456726a9fc7480be8c896ac2dc6d,0,0.019014435
2782698cb42429b7be6c9027c358e8b8,0,0.004485795
f30f287362541ffd161893151885ec63,0,0.004582765
fff10acfda3b5707f017dd4994375e96,0,0.0044597047
e3aefdaa86b8db98530cc289c79be2e3,0,0.021409772
635bceca039364642cec2965ea5febea,0,0.0035588038
1cc81223011003169187186a93ae0958,0,0.006205023
8849417124e923973d0b2756c8d9837e,0,0.23178807
fd97708f03f1471c26d9b1a2f87f5d1c,0,0.004348382
bfd405c51588174f9df28125d6b78a5e,0,0.053353984
5f1c7bd35f8da044986a492974f8eeb1,0,0.05340333
1ea9827cd01337a021a733142359c23a,0,0.005080037
edcddaaf7dfaffd118a02f5a755a6cb3,0,0.24598956
74ab9eeeacebdd2b21efbe59f8444a4c,0,0.0050211498
dae8e29aa05569ac46fd6e0b365f4a13,0,0.0062291576
06ed5a56d2966abb20db0055ec5ad2eb,0,0.003976228
f299fa77dfa195c93f0a684f8c8939ab,0,0.016705094
95c53d0a383bc0d32990829149a02436,0,0.010328153
8f60500a2f359141800e7ec5b57f19a3,0,0.9124362
64e67a3fc7662756ab6f52e4265e3cd2,0,0.005312205
7afed91ae70137b6cb8b733a7b61383d,0,0.004645557
91c0b8a8c4b8af60a24c6e1dbf4407c8,0,0.010308208
166a94391e4e58b9026c9729f02ca4f2,0,0.008235631
ad4c53d33a4f32fe45db9ccdd0e3a11d,0,0.008985428
8eb8d5a2a7ae3c0c3069f4b691c85c34,0,0.012053779
3f9c5a59493c1458eb82fec5d78b7c5e,0,0.01214717
c41c94ce11a93ff411cb3b80bd28a5bf,0,0.0042315875
069533cdc9d47a385f5b3884c4a0ef5a,0,0.0065897712
b3a547a82052d25bdd75cc824f5d6f1b,0,0.0111580305
8b12d7b83b15f670333f38cdbc9e825d,0,0.0071076322
604b5b8e1c709670eb183f6c860098c3,0,0.005522651
7c09fa48d8963e9f3d94949b36595563,0,0.0073032235
b99ea1859d91fc1c4e4418678fd366e6,0,0.009840806
3f8b94dd2bd12183b34d928f104ad9dc,0,0.024053553
e370624a1191eb1fe0344f2ee9ef6e2a,0,0.0083967
f73dd0d6fe40af5e1e79656b4d3c4776,0,0.006438102
739ef6b76c0fb5256d1d513e53eced86,0,0.9433998
879e422de6476461023b3eb7a4c5646b,0,0.003976228
dbcb3e46bd27a86125dde9fbacd8272c,0,0.0127472645
8115c4025f3be974e0edc8512f7d41ee,0,0.005395409
4435de2b2ee578a84dadd5a0f6694036,0,0.004991961
ca6f0bf7bb2558d12eb6a45b660c03cc,0,0.0055012386
8f293d38ed21096e1c0fcb75ba95fabe,0,0.0047644526
cb4a11213908b5d91d4f1f2184932b90,0,0.009670992
a7418549fec4fdc7eff72012ec0381d0,0,0.004876887
6c0b689f5b40be5d35231c103ea0a15d,0,0.007135252
9b32ed277d73dfa8ed5a8b4ac2bd9e81,0,0.012503792
f4e369bb0d69fd370b4077ed1050aeb8,0,0.0038543637
27515e4501af2228c930e5436df72ae7,0,0.004943689
1a8f4ecedcc33c7f5d20e2da29bfcb84,0,0.028007522
947f6a52d8800e5ce57b00018fb6bcdc,0,0.006265534
0d43bdd2ffe8446a08efc8d53fdd6af4,1,0.01524759
37faabb338d6a7a3ae38b5accff305f7,0,0.007815888
63bcd4bb5edb106b8a31f0b1ab5227f1,0,0.006863781
4674096549a92533297957288debe260,0,0.0042151595
ffe5f6dd0939e29d175df569d1cfd90b,0,0.007815888
30d8efc14dd16630177dc25851228450,0,0.0058996035
09ed00e0d90f1a470a53ce4bd567a67f,0,0.008172064
2736f22deabcd0ffab21ad89f9b77201,0,0.0045738644
1fca162e7f9089926def9903c9361a5c,0,0.004348382
5117c5e84b274623b140d762b7a10c91,0,0.0043823365
6943df936a2e62a159c5b4ee477073b2,0,0.0048391186
34c9bff8c74a4e8ea3a2d1aa845d654e,0,0.010169657
02d92adfd1455a3626dc2ba316056c10,0,0.0047000605
94134f8a9ec25b1ecbc6bf72d332c7cf,0,0.003692853
2c7068f635c9f57f86767ac6e123fd42,0,0.0061689946
275c478519780c038a310c08ea9de370,0,0.063424334
2f5362ffe9ee813cd7665b3b8b66f6d8,0,0.6450361
b5b5ac3c66f82b744a219b07344dd84a,0,0.0038996206
9410c6376845359060504ead4c2700bb,0,0.014364656
3cdc41e2f3b666dfed007c09656652f9,0,0.06687324
cb5109bccaad695a05badcddf547aa0b,0,0.0062412596
d577e89c138f83052f60a9dfb8a9a017,0,0.004348382
04ca0a7a43e420bf73a95a509bc79696,0,0.005230278
1624e3201482e79948939f45fb80c929,0,0.014281935
9172beb4eaf7bebd55e3e3f875c24baf,0,0.009285965
25368ae6c8ecfda511d116ac3cbe7d8e,0,0.005522651
f104d72a2b091265451ed68f17ffc93e,0,0.0054692742
a88abbc9335b9d1c0f37fdba69fb023d,0,0.0062899017
ba395113b7c9f555d897fbec6184dbb6,0,0.003714474
71343763bbc2c81c56e224d8dc264120,0,0.0051396107
e82ca1cee3b68da9721e52967cb1f207,0,0.5969913
f678934bb21f5730fcee12ec7e43e910,0,0.008985428
db89996eb1f00e2bc0f2369dcf6737ba,0,0.004736749
bf5c989e3079e37fea1b5d3e375c7297,0,0.0090377545
644b18584b4e9f07b914273e1742be8c,0,0.0065134987
eff42e6ea64c854bc74a6c17de062217,0,0.012673735
b68fa96069d9ceb04d3b6e5814e42b38,0,0.0067580864
436693ebb764e849c01da106e24098e3,0,0.54902107
8824333dd44a8e2b0f7adc6434e71902,0,0.0075479234
eeaf5d045868d55b319b603bfd96f425,0,0.011642225
61b85d2df5e2f5b76a1b4934e2b99b05,0,0.003937739
637c24cf48dc8313eda8443c990f0193,0,0.0068904604
5dcd7ca55c5cb1c789206c0894d3f468,0,0.008364238
f9a3ea3eda21d10265d433b44e5082ae,0,0.009430817
3f478e1137e461033dbf8fa55edf5851,0,0.014756983
c4905bbe051e7e8cd07904b8c9f7114c,0,0.0039148238
1113be5c23e35559ef271958a7a362a3,0,0.0094125895
d21dd22e5312f45db8506e1d382c41a3,0,0.0047552
78ab8f8493fae464d67af96fe5f0a016,0,0.0047000605
52d77efb144a92d774244e3d42a428f7,0,0.009898064
ab9fe9c35d90134e26cc6ef3ed86f396,0,0.0057413853
e64fd26dab1443ca5c18e49654088b77,0,0.0068107313
26b017f62a73a8811313e6a8273e32dc,1,0.9903476
4dc3a8a67f284f23c98b8b262eb3d070,0,0.25155577
6a769fae523460460b16bf5d3bae5acf,0,0.0067188703
a2e93ebe3f22b8a213835d4428977a9a,1,0.9511422
d9bd55eb8bf2aff829739c4761371354,0,0.005395409
6b2533b6ee86b25ee4dc33c187a3cbf7,0,0.0040860027
d4530e79ce0a90546928ae7bdaf77650,0,0.0058426056
bbcd46ed6d620928fb6691fbfbeba578,0,0.011984203
91807909001b900be271cc76abbdaaae,0,0.004663655
fcaee28d896f335928197d1c3044adc2,0,0.0056200363
8a71d463515f214e08766c434768372b,0,0.004792317
a4b79f033a995216fa14d8d28ba61eac,0,0.003999501
bbd712c9f10644b090bcc80430e9e763,0,0.004030743
c032e431b000de4f64c3087704b6129d,0,0.9672869
153ba8c4cab8e58f5705a92ae12e746c,0,0.024774553
1ce94f566b9c61a197314bc5f67f8251,0,0.0064131636
71ec55a26c8ef886f17f9a047adc2e2e,0,0.005240449
131d2a35fac578525c9b78f7dfe5476a,0,0.004848533
a8373e2a18503110250cc48432376179,1,0.9940659
beb8cfca4f3e835e47916449e1a1c097,0,0.003802225
c4b44788006a661de9f8bdbdf9a20e06,0,0.0038618704
5eeffb79640ada7f58486eee7ad47b89,0,0.006400731
077d07b49e43d94a0abb8377a93e546d,0,0.021430241
15a00a376d7962a330a8e8de879b558c,0,0.0038393948
364d47cc5ed41787b20e8cbb2219f67f,0,0.067423776
efe8c726d5530f72bed7e4528c7b66c5,0,0.005060332
1e2ca9c4556accaab93e7675ef621506,0,0.0064256205
fd842036c61d4e41bc45d4a60a810318,1,0.9944666
ebce136e69a4b5c040a2b93b412380a7,0,0.013795364
b71a450b614bdf8770a4d89d4857f507,0,0.007665875
f8b00235b93c9b7238f615dd0cecda7b,0,0.0043653254
481d3df2d7536f13ea65d7620cc97931,0,0.0039454065
616a25879b0853d0c37544fab3e3fc32,0,0.017409043
5faa6b04de99333286430f60439842bb,0,0.007135252
ab80089939f32b4e7b31a924208fcecd,0,0.0046365354
58ae48fd19122687b80ab12d7ffec2c1,0,0.007984269
d176e11e2db1a80b4b044c176348210f,0,0.006363574
c9910b833008048e57ef23a87d6808da,0,0.003586616
52765def290e72e969b635d2add8d762,0,0.02017732
f30f8370a0e5cfbed0c998298fa3baf0,0,0.00498227
49cbe3347dc9162ab4622e0803608f75,0,0.0046727294
e3e85c882c7e1262fcb9b65749b68a1c,0,0.0039454065
aa8118164280acf35d52301444971e92,0,0.020804489
898221f32fd734ffee98edf231e7c8fc,1,0.006438102
240fec88dce1b3baf1deaf3781db6107,0,0.01189205
fba59cd905dea62b9b70b61e2e085150,0,0.005050508
101c32fbccc76e563329b98cf9adb5c2,0,0.004348382
f7a009e65801f6e41d92036e3047f5c9,0,0.011288074
0bf076550a611154e6116ccc870b55ca,0,0.004256349
196693462ed203816dbd8566002dc53b,0,0.004248079
3e4d3e023adf15a3e3122485bd142d82,0,0.0058539603
ae2bc381c20e1700c972697820294286,0,0.008985428
213ee841c8ab00cd1baeea66ad3e8e7a,0,0.003370046
16eb5751820faeb69433f1976d19f5c8,0,0.005708034
f036b72f2d3707e08d68d97b71eabbf0,0,0.008380454
25f08b876fda17380385be7c4fa210e6,0,0.009633653
48a92c1e987a57686800415ca32e3599,0,0.116261385
2d0d6a4a9e250f986242f4f3cccdf794,0,0.007066401
0a287cc357d374b77ab736ca74ce2373,0,0.005050508
38787752d6ae1492129f543252834a05,0,0.0044683837
7942e93564851e42d61c9a0ccda544eb,0,0.0074896244
28018a0b632c21f36709102953faa2c0,0,0.005070175
8482f6feae86d1fc3344667e2d4a8733,0,0.009615036
7d584ebeb5e2638588a59300960b86f8,0,0.010348136
68e7b53364e2967ee21f14d70f20b0da,1,0.98862445
a0e3792f4534953dfc608e7e2c62afab,0,0.005533388
5933c1d39da5fb3c46dce595127beecb,0,0.015409728
7ffef892c6b628067b0b9dc6a322523d,0,0.005544146
2a255208798978572fb1cc290a5d9696,0,0.0052099936
a2cbaad02920c3994c778cdd0108d073,0,0.0046545975
792b4386d4fdeca4b3cbba2a7e714aef,0,0.0045916834
3f1e73e5ee7d8ef8ac31e04ceabbc09a,0,0.011508149
62048dcc1101be0a6f0fff2b636e2e91,0,0.004485795
6b9d819759aa9f89035f9bffea19f397,0,0.010071823
b0ec0b6a03e72fa348ec5807507a7570,0,0.62429357
93af5b05546ab86cbd7c258b17297f78,0,0.011755131
91c2c57862ac6e3afcc2805a324b828e,0,0.010228811
7daff8f562a48537d273d8dbd2f4686f,0,0.0050114016
76bedf4adbab67e85645576dcb987fac,1,0.010408315
45d7ceb304cd90887507a686a3ee4146,0,0.0068107313
055db6696c228ca72734691a1ff6405d,0,0.004264634
bd65e4c731d4ef71a99d340e5892586f,0,0.009340025
d8c10a690f2126799f241d269b740aca,0,0.0075919423
daefb6b650a9b4c27b0f77079df774e4,0,0.067362405
6ddcf396ec926c1c5d3054fabcc95788,0,0.0083967
b6cb08dac64d6f5c54e43434f248323d,0,0.011008186
c60f1063ded6de9b46cd67d0479aba74,0,0.016044557
3ec04168021666cb44ad1e1da1068f52,0,0.0046545975
a8b09fe51303a0e58c01ad4e48c5e6e7,0,0.004264634
31a914f51170177ed10170d93c3bb18f,0,0.004801641
8ef54e694cd82cbb6ef65f1f57b16d51,0,0.016737208
a1b6f84d845e296c7b764bc29bd82c4e,0,0.008796122
422aca8a352ef2f4f267f9b6084822a3,0,0.004433765
edbe87200439bd35ff717c670fe349fe,0,0.011201214
34c88a7d234b3c79f5c660e08f09a57a,0,0.0057302467
a6c0261eb81a8aa51f38244737f10ed4,0,0.004256349
1aeaf1f800d3eaf86140db52a21c49db,0,0.0055873864
8115a1b34fc0275a26ab4e77904e8e61,0,0.0043823365
b8cfddce929138fe802684270c0ce54d,0,0.003503823
8d1efd1fca67a050e31d502d4d0aef24,0,0.0063759354
67302b31450bd3190f48bda892805568,0,0.0048109824
bbc6d3ec79085c9cec2ada7cade1e8b3,0,0.014928338
2926adfc8373cf9ad95e0a48b9ea31d5,0,0.006837205
997b18b619ad66c71f295497ac906ab6,0,0.017543187
8b2910930333644a04255a5e71c5bb19,0,0.5236449
e6c39f55e3975e9c6d276215cdc4d59d,0,0.010013569
dffcca809072b5015ec05c4bf56dede5,0,0.0067843576
d463e10f9d5ade4c78d36b762129dc90,0,0.045734633
f0169c0561dd77a91f9627949edcce30,0,0.005291605
687ccb82174a316fdc1d79ac84c51910,1,0.97836393
7c1d5d8050aa277e60163054e13ee2a9,0,0.006302122
ad100a6fa3f429e58f0dfdc8acb596d1,0,0.0042729364
bee8fd353a06969858d152424d2e1c16,0,0.006073935
c9b14c49571f54bbe19ee505daa6d6ab,0,0.013821961
a1040fc9fcfa8183f6020fee092315a6,0,0.41350675
93d7418674f2c03aaea7b67a3d6d68a8,0,0.005831272
473ba1502f356d032ad3e0143be3ca46,0,0.006314365
0d4cd38866262f68af2cc0f8080fd569,0,0.005250641
580febb7600433ce487331ddfc714d29,0,0.027220903
79b191195dc73a9ad44fe7550958d0cc,0,0.00619299
7cca83da88f8fb1ec95114208cc45392,0,0.0065897712
0a50086c5d3d3767a05cf86f2d834cd6,0,0.0041824942
3114dd09c601192c4f898f0f1e6cd763,0,0.007331598
356f4e864438a615c6395138c9dd81f3,0,0.004962942
076ed8be46cd2cf43c731b02df54363f,0,0.0069711166
1aaf53fb4762a00ecbf046a4a98ba707,0,0.004070138
ffad14610191f9e903ae57c95b25d704,0,0.0039300853
9f81c643890beea9905c73fd89a123f6,0,0.005652876
fcc4210544957691e74379eb9c5f6a0c,0,0.004848533
37da5edd8cc34bb62ea0f268cbb2905d,0,0.01877907
b0b15a471c0b63262e90e0aaccbeff49,0,0.004314688
9ebd86eeb96d099dee2cde1231017585,0,0.0065388246
afec328ecf82dd01c1428b8e2e5871ec,0,0.008933403
2ed401def49a32bb075e5d655d4d9d86,0,0.0061450917
06c9b62ad469f1432c7f78ea40035f08,0,0.0036713579
b3851fd3e16cfad8d05a0f87f12729f1,0,0.004485795
7884ea67cf79e4c6b9fd6ce283d0acd3,0,0.038321976
8526aff2284a91a64acb31ee9776b55c,0,0.020824393
58738b553b1acb2b1e4389a794a773cb,0,0.9757624
fcb0a1d100443a68ef09641a4dd6793f,0,0.05179748
5756726ac1231508631d5b5b1ca7203e,0,0.0055873864
cb710670178188e27ff9e2b4b2788922,0,0.00619299
742d1895f0917a9a1646ee12cec31364,0,0.009394396
b0ebb4bf9fec9390759fb87803b5b31a,0,0.007968815
a714a741707c9e483424385913fbf48d,0,0.008694534
8bcc50592291320e7cc8511d687673e0,0,0.005786155
3e7c66fe5426615012e8b2b150cec870,0,0.004015092
47af9e92bd79d15da68cf74a77790f09,0,0.008796122
0bdf37bc3984b73d5e4d5b561ab6935b,0,0.011008186
1312990bca2ae450ee71eb3b202f015c,0,0.003586616
589892c7bf231c0c65ba50e92120a35c,0,0.0067058485
e723e998bf613eb4c16d2aec4643a879,0,0.00349701
17f9fe82c6da9a5955307860ab1f5209,0,0.0041099153
9d66669d73552f34972adceadea94f44,0,0.007011795
6c0639c82d023f496a7b5ac904770a7e,0,0.006265534
5d1bd852a5b5983782e8bea2ccdf16f7,0,0.0074751205
fb64f8fc78a55a7bf446a1de96ac932b,0,0.007403014
07507dd8c34687e966f6f6f4857cc5e0,0,0.005876738
076ea720a2ad5655de71842c9df6b706,0,0.007388676
c77a19ce1a2b45861cdb8e5391cd31a6,0,0.0140907345
a4cdeae345e73157cfa09b8ee48543b3,0,0.004494525
293814444f085599a98499269139df80,0,0.003794834
94aed189a2e51b1c26f6428b6bd9386a,0,0.005240449
84003c7b470870e76ce99fd98574e74d,0,0.0046545975
5b9722fa707d215b6da8e1a9347feaa8,0,0.00930395
bf5a4481adf81c4960e11a06b2fe1dd2,0,0.011353657
a4019138e5bf101b164212325bfd6283,0,0.004306305
9940290396c475aef6a54a57bf665b68,0,0.003707253
9904ac8d01abf6ae06b62367bbb59c51,0,0.004736749
2ab0759bdd3faa9b87bf6f6d3ca6934a,0,0.016434573
111bf5d0908f84039da99dd05aba7e0c,0,0.0036642202
365ee7ae57268b716a39b6afdc426863,0,0.0045738644
1523ffc93a8b27bf7ab5fee1f21d4d5f,0,0.005169658
888c630d47718e7e42c55664b410ef4e,0,0.010570489
db86a98c9c1684ee6ea07da96996c8c5,0,0.0049340907
384251a87c14a1dc2dc7d28b68a239f3,0,0.0044597047
87436a18aa2bfbc8f21374d60e53cf80,0,0.5506451
2fc4830a682bf825164bec6d7012c431,0,0.0040780627
cae77a44333d2a7f33e108db4657c371,0,0.0041420166
dcafb550243c85771d975c86db238c4e,0,0.0041019293
4ff3b67143f35b563eee1464fd299896,0,0.0036146443
fbaa76243d0314180365e0f880508fb9,0,0.014899643
1216f49afdd621aede60ba2d0d0253b9,0,0.0065008723
408aa871bae6bd4507bc3e490fa24082,0,0.11240509
531ca5c0e8279233583a2ddeb078adcc,0,0.004848533
a852fb6e93b6cc708a38341611942db7,0,0.0065134987
62c27c578b7713167b299d6f79649bab,0,0.007218753
be7d544bbdc5d9415dae0b350f44c1c2,0,0.0033634927
6d54c0b93deb5e2251df78274a068f64,0,0.0065897712
4cf3800b8ec5c7e65303f2a372ae8852,0,0.0046909326
b750ec1e0dd10cc048ee13b6ae27f695,0,0.006277706
9ba4bf5bc134757a7545516493f1e28e,0,0.0039607873
d780423953d7829866f45314924c48b6,0,0.004306305
43c35a3eed751c1c7b1c8f8037acb8e3,0,0.010091315
cc973bd338d6949da5c59aa0d6ed5acc,0,0.006205023
28162156e936c29b7678c61e5e4639ae,0,0.004306305
89c4f473a2dc77ba54c53d70525f8d40,0,0.006863781
b52b5c675dc3fd6e028be38d0dea27a0,0,0.0054374957
ca3c717f4013e80427e57983f7387e30,0,0.5841229
796d1ddbe762690773130d94ef39a990,0,0.003802225
e948736d86c55516256a10ea10a45235,0,0.011463797
76f049dc731d350df0f3fefe42baac22,0,0.003907215
be0a6c75ae2e27e8f6aaecf165115899,0,0.005322535
8d6daa371ab6a7104b8d7314ce146be2,0,0.013584394
2a0d4489380937c96a7781c31a4e9c50,0,0.00402291
54ab9eefa646718a2c8b86e3faabfc33,0,0.0054059
497589e4d85701ad3274b7d6b5688f7e,0,0.00472755
0e1373c69166828474b87a1a09ce7b9e,1,0.9931629
f16c4d5d9aacf223e003759e6bba2e3a,0,0.0049725967
4e1c50bbf0ff22a25c1aaa5b11f5f526,0,0.0055119344
92ab39d0a4e7d05bd3429f90a0b5854f,0,0.0036216858
e5e0715ed31fea513d61c51ba58a1a27,1,0.0045384313
acee6c1935da547fbac32b6975148656,0,0.005322535
fb9abe5f949507e50fd96954969440e0,0,0.0045384313
82e664a8d64e00224289dc3f163e36b3,0,0.0085443305
99ef4b31f952478b73b6ae71ddefa803,0,0.0037727477
88ed3c93930e51a34b149abda867055b,0,0.005030917
6f3a71c8011a74c922132f013cef4572,0,0.0077555366
26d08c2f64b77aebcc9487a83864247a,0,0.007999754
d0ee21432bfa162965b34763c758e869,0,0.0054269433
e1972710d925da2e221eb7562f9ffaba,0,0.4372077
0c3f4d47c6feece036b379455a8cab94,0,0.0038920413
c42947551a878c1009333236fdc98244,1,0.77141327
18636d57f5945828ee60636bd5b1b48f,0,0.008445628
3fb03807844e62d47e84e16be1aff5b2,0,0.003831932
ae68bb3a3b30076b744bed105891efa4,0,0.13922074
d547bcfeb3ad19e28ed25cc54a1a032f,0,0.006679879
1f5f3da86b4e50c6630d072e12bbec42,0,0.0038543637
5b51e097a63f7e21caa7ebd50438c39c,0,0.01757688
6adc92b38abbca6ad382a3d20b453647,0,0.0038996206
07890ba64af5ac3f8a9d8c0cb4c8c2f5,0,0.003678509
2ddbc0404b4db1dce03d7220a0b3ced0,0,0.004190637
f7f710f50d8dbfb72b03164720223bae,0,0.009232215
6d0d9d82783ceada35ca1b9dee281e91,0,0.16545823
08315b2cf570ada88451a1a64512b0d0,0,0.006475691
2d2f3c5511df11bb0f59a1c2e006e8a4,0,0.013558245
53b4b05ecd349a46cb9a3858cf1cb5b6,0,0.025638297
014b654d38a66e0a94af81c9117303ba,0,0.003476651
d429aceee19140f42a7c63cbba7ffa5c,0,0.007922627
668d3198fb2d222b49a449d271fae359,0,0.030100338
58b6b6854ab75e7c0f07310a7222349c,0,0.0067058485
c3d5ba05f276813bdb0c6b6f656c4278,0,0.0059919516
cb7daf71e9477f6718c597a40ac152b7,0,0.0040860027
c285f1992bc2a95acac60df99c950392,0,0.024446368
9c3b0dfb03498383f23a74ac285e53ec,0,0.011375601
c6737ebfa9494c0d18c041c079bf83ed,0,0.010611421
eb319abfc81ff9b6d61dda6c4bdc2a69,0,0.0038618704
d1e490fd7903d92fb5b17158c26ec9cf,0,0.004905406
fff515e1301de5926e60832d871e5cd5,0,0.0033634927
ffdf803d2aab00951d7d6e0eee10dd2e,0,0.007388676
857e43824b3c33e0c22afbd809c54394,0,0.006463138
6bad3771f7c1946acab5eff6cb7527f8,0,0.0046909326
9fffbacb4271ded2fc3bab85d2cb8956,0,0.023870835
a7575d19fa5b95632df3f961cd1d8209,0,0.0041420166
d978b960296e81a7b48c35aed359a02e,0,0.009232215
5b7a78af9d91f9dad5476582ae55bd7d,0,0.010189338
6a7707104524c443cb557f5ddb01fb21,0,0.009358114
26a92f0642ab0c110cb8ec94a7c631ee,0,0.03807084
3b5ce9b3f5aff1a7bf318b911341a16a,0,0.0040780627
73e8e3d1a5dd63d27a7eb54e65bde0c5,0,0.0038618704
32f43d2844f654751082b132b69f82db,0,0.004645557
69a34960d1eb73e85f7b70d523d52ce1,1,0.22970796
8ec1b15a0378e1a8c891f050a6db6570,0,0.01654544
df55487180e4b2f9cc3fdfb3e1b96584,0,0.9431908
ecabaa5c5cf46f8ee2c4f0a9a5409277,0,0.013299493
48b2bcf7ff79e0f728b7dd3f32a51938,0,0.004070138
ba232d9a60a1f0171d9d445db1eb6c29,0,0.037892424
3ba0a098755a249fc25cc979ff35fbaf,0,0.015218292
5535c30c3e30ec54127842a4606a4745,0,0.008627457
fe634a1770419a17cfbc74b754d5e91d,0,0.0036713579
9afe37d277befd3b917c3e5340b35f07,0,0.004416556
e87e3ec5e345cba0af708e9a64649fe0,0,0.005968731
b7ac8321cf0144321edfef0f28300da7,0,0.10079008
a5c9c37f0576285bdc025972da06e6b5,0,0.0041099153
db0b3c4116a558cca6fd15170f495f0e,0,0.007999754
349412cd121047a7eb726ff376c55937,0,0.0076066726
be690c3bee6b6e7f168d3b5e4c7238b0,0,0.09057448
8b2014bbfae96a666bea4165d7309d21,0,0.013584394
f522e29730b845761cb9886eea8ec3f6,0,0.004331502
c2cb17a73cb8b4ebb740f2fc763f48d8,1,0.027901376
46dd6b3c352ad47f9993c8597fefccf3,0,0.008429287
b85a0bfe5bf1ef7742cec0b394e8dfc8,0,0.01627746
29b6318ac9a173c9dbeb4be6dde13ef9,0,0.0064131636
43bb80bf3fe74859c328561c521fc07f,0,0.0066540097
dfa8765814657b9bf6985ec524a0db82,0,0.004416556
4418ff03f67a18a61b773d87dce08934,0,0.010550082
cd70df3b15a88d2314fcf80bc220d2e1,0,0.007815888
de0991e0629fd9d5f5637d4db11b0c68,0,0.0047644526
464bb2369e22d1b1272cb3b5fe10d1e4,0,0.042842176
44c5def01222fad1ddd4e4a55f200af9,0,0.003586616
9ffa7be33bab514f57410660ba8927a9,0,0.005576545
eac2d1f6c2fd16b17a460321bf639ac1,0,0.004425152
6683ea47a8e21c3994370c259a2dc144,0,0.008315778
20ef184ae5f75aec838e76d619ee7162,0,0.02209548
f2eec629b1b1517ddf80242e85ddb05c,0,0.01584536
2d8f698a05ac4f5380164b756386246c,0,0.01883313
03e068393a27912a21620a83e94ff918,0,0.25270665
e10b4fdde6e8de4c9dc3e58e93c49437,0,0.10043661
6cfe7185ece31f923d5c02cb25d5e0c7,0,0.0043823365
29fe86ce67931d5a2e39202f48729b73,0,0.008627457
4c37286d351dc03d4ca98759b2ee9b91,0,0.0040622284
2320af8fa2175d6b1b784983a07b406e,0,0.006692851
41a619cc90e0aa9466f680025d44fdfe,0,0.005169658
d844192cfcb9644204c40d080ca49292,0,0.017425757
4671abcea0008cea7f53becb1635e241,1,0.99371004
5f008ea004434dd7b4bd8ba547dac803,0,0.01566365
1344bf900263a438386233be81cb3814,0,0.0038096302
a9838066d47f76e4b60072af5999abe6,0,0.005149607
fa8068b02462cf05d8564701041ab393,0,0.0050407024
4740f42f1fc3b022f2b2cb2522068b83,0,0.012407694
a60208c383ae50de16cc5e77c32cc26e,0,0.020984294
b2fa4361ea679013b2fbbb902e1ec406,0,0.004801641
ab7bb659d264fda2f047e5e6b7ea0e82,0,0.007121429
b23b40298f07956d087e7a78e51f99fb,0,0.0045738644
fd8110763c42210af30903beaf932727,0,0.0046909326
e8fbf54a6a3c6fafb553a00b51e21bf7,0,0.008677716
25072fc326188a4b5050b75ea55d15ae,0,0.011093566
cf918238eb53fbd3f56b70f24ff79d35,0,0.011463797
f1269eca05192a9f734737f2c388b7a3,0,0.033716537
f757d59b480779ff40af952d17d235aa,0,0.004331502
46a803ec23a52e71e5185057a9869a09,0,0.093595125
102514cc5e40f463add43453173db6e6,0,0.0053018946
437ee88e7b0e314b632b9b84ddce009c,0,0.016657041
c3519299303c139d2251016bbe045247,0,0.0045208177
ad3e33ba7f01bbe7b05df9d5cffde4af,0,0.005119676
2698d60922776192c548e4c9da90a635,0,0.0067843576
a97a1b3579a2287de59af799f86c8837,1,0.9964619
e68215d9ff4976b7d37bac88cd0cb778,0,0.006903838
d59ed903dfff7d47d3b9585aaf7c4e61,0,0.0374323
f7c1e597eb96647345dd16799bd5c430,0,0.0043738233
ee88ccc799d2f11ee5ab18590bd501e7,1,0.0780079
c1e64ec846efd3451d5caf240fa0597c,0,0.006085737
a89c70decf277b0196dde90e62cebc56,0,0.004248079
e74464ef41a05255aaedb6a5801ad097,0,0.004030743
5d153eccffc57e68ecddb6ff4d76fda4,0,0.1200772
f8cca164fc9464388c6daf2ceda3aa1b,0,0.017226238
c137cca7384b1baf2d8b262d6f7121d0,0,0.0049149487
0326b5d31aca7a1e97eb9c75689e86d1,1,0.69471705
8295201f6a92f0f7381e80c0ed7790b7,0,0.053749956
39ca3bb19fde5a03821476c65cad7c5c,0,0.0036499873
02b038b37016cf81b648bff1979028c0,0,0.0043994132
2580fd79806d4ec6ebeefb95ee08d18d,0,0.008677716
b07c9e734ea393edb8b50e5579c0459d,0,0.44473055
065335719c58d88413122562f3ea466a,1,0.9896718
37fdfd68a317ffe18e6ddc0ef6a5bb9b,0,0.03521114
cbfda0414e2964fe78f4bd005db9bf25,1,0.9932156
140405f47356fa73f32db10973d0a3de,1,0.9943691
a2575f9ba0b3d2eebbaf1850502e3aef,0,0.0041420166
de331a073ddd32dfe82fd8224760d617,0,0.006863781
dccc1c2be37026615a33a61c9520475b,0,0.006731917
a740cb5852d2ddf9d0d00f26981e0eb5,0,0.0072047687
a4be7cd3cd4661d624f65cf16784fbd0,0,0.008830246
6782f03de73b829bfca93b468b30f2ff,0,0.004030743
86668ffda9d83c862b21ad7e5ebd92da,0,0.006438102
def3a350ae06df1df6b8c4783d60c8f9,0,0.011353657
09c68c9b10d15b9e62f4c52d53d2910f,0,0.0042895884
d19760ef6d6dbefd7ce5e236215692c2,0,0.004306305
a468c80bb1a0ed1de3e0516ba6db3b3a,0,0.013610589
bacf8e51c5e23384e572b9027334b07b,0,0.0042729364
d45868ef8f87e7bc7c1a9bfe02c456cc,0,0.010328153
305af067711b1e2f7bd1a3561e18178f,0,0.005332886
c2cb203193f502055175bd128a179ce0,0,0.0044079763
8a9a281a2a76e80cf32c56ac17cb259e,1,0.013222822
91946d8c69f900e4ade0f29931506d6c,0,0.0049340907
f587e5692299005ad4e05f5cd18d4a1d,0,0.004070138
e1051088d1cfc26dc8ec3dd668eaf6a6,0,0.0040780627
00f789de0cf5ee64e6fda79fc2bf4e18,0,0.004070138
b8d6cfd45aacf5f52729f3e9ef76ff13,0,0.0075187185
b458cef4aaec01c29195a1e9ff055f19,1,0.8095773
dcf41c2e7fdc27d12f2377fd1854ba6a,0,0.007800757
00af411ad791d505a8b32e801320cd2b,0,0.028328313
91929bd90b94eb4c2c4da037dc90d979,0,0.012241275
20299d2931dfdfbf06d788a8e246d40c,0,0.0056748753
ad69eafee66925a82ab5cb99d8803ca1,0,0.0039454065
fb96a4e8d7bb61530f6a8a9790fea0e0,0,0.007710576
075c00da2401a57a5b224d8f3b90a7ce,1,0.5276892
cdf4e43faa246d868ecd247bd26ba2e6,1,0.031084951
9c140dfb6e7950cd04d43041dfca51ba,0,0.005250641
87f0e5cf1c965076e7b2f3dc2df06b2f,0,0.005332886
80e72673ce5b8020cb2eba6725cb330c,0,0.0037000459
4831be1e45b5f3a200dd150eb5fae2ae,0,0.0037434977
ed602a7800011ab510fb61735937ea4e,0,0.0035657366
1eff7ce8433b277ca6a62f0bebe4ffc4,0,0.005576545
362e0c888c15204c82f24f8b4fa7b61e,0,0.004117918
edafa302641f0f6969d4019496e20320,0,0.0074317735
9a9965e2e808459f7dc370e2287c0e19,1,0.99604684
1a6e20dfe205812019cf9797bd505d66,0,0.0038543637
4e38c07433ec40fb2039a2133b2f3317,0,0.00581996
93c60c1c7bf381bf6b43ac83aa510373,0,0.01716023
5d6b2c3e17a3c145454cfd2e656520e7,0,0.004416556
44fbf33d26bc4a39b1c7e5b6e339fb2b,0,0.0040072887
47df4b20bbe59087c81e75ea8ed0e8a8,0,0.009161026
08f86da307d251bf75847f56b70ad1ef,0,0.0044079763
36c074b7392ee27d0a279cd82bca91e9,0,0.005169658
83ce4f7d77d8776c9b228f4e7b803f24,0,0.008985428
cf05886027daaa2308c2253b82822adc,0,0.010797568
f3755cbd8e6a37e1a09d9ab3cb10acf4,0,0.004133968
06a3aabd4e07be2e4d02b8185df6f616,0,0.011755131
f0790d3ee0e99a9d9ac9f2a7249f5914,0,0.004433765
604c7c9bef4c700706b89aae19c84f07,0,0.02539547
5c7eaa1d1b7134e42b5d64fdc763356a,0,0.0047552
ec74d16fef1278d5be034ab7f02db200,0,0.003538086
d4574bfa8b6afea4931c31dde4c22865,0,0.005968731
78cbe4f1b9ba726a5b995d44f900b6f0,0,0.108660966
f6617a1cd37a59f8c40f3239b64fa968,0,0.0032287638
00bb66594aa7a127ac1f00c4c9d7d4b9,1,0.016215032
7aa996c854c5be73b876cfaccefa4b0b,0,0.009002838
fa7c858c2713cf23c243f69732e64bd4,1,0.98926485
8e51af6432e9a09f38144538b4c5866e,0,0.0046545975
3b7ee33a70d8f5a1e3ca172085afe003,0,0.0046006194
78c3acffab410cabe79240c90f4bebb8,0,0.006438102
0ca113ef03d4f972fb8fd52c1eaa77f6,0,0.0050998176
bc77c0d9ba83c9770d5c81556d8cfcfb,0,0.0038393948
feed4c81d9f446c0b33095743d86473c,0,0.010797568
1c3b522321a7fcb39d05e48d7f4fe6e3,0,0.0043738233
131d5177816f132bdca18ee1b19ead88,0,0.006475691
1419d9382b2cd522ccbc52076dd9978d,0,0.003436286
bd3c6eba469365bc0a1f80e8be318604,0,0.009878942
424fcc0a8ecb9bc6ed4e0c103b4a7b8f,0,0.010550082
2cf8499a90eaca93485e64d7e8f3db34,0,0.0045384313
cf674621491b8b63b6e661817c4d998d,0,0.056861546
da641ce5e9e744ca2af4d07954e8123f,0,0.0049149487
115905ff119172920fdc3f5465cee211,0,0.013584394
27eb6233be96087a78ea5b4e478f86c2,0,0.0094490815
59d7975b96707ded187c466486d2b265,1,0.9953181
eb0699f9527a56013596f5bac46f07e4,0,0.0041824942
231ef4445f8d9e8c77e6bad5acee1cc4,0,0.0074173803
d9c1b1be61a5b9ff8660488a45cfc58d,0,0.003607617
5a5e03df8bd07777f2f8d3bd4473917a,0,0.00381705
5073999b941d17801be975bc9addecca,0,0.010408315
a83a4f729f57bc12132be8abf61c977c,0,0.035244323
b5211e74d5206286ab6afffde91a4bde,0,0.01627746
37a41c08714cdc78b3d3f0ff9e8d3845,1,0.19482696
416a2e897c321c98cbf2b65a90388d5a,0,0.009596455
718ceb0e84621917f0ae613265bfeb6e,0,0.0061689946
99b1d41b576dfc48e68ac6d264ed411e,0,0.0061450917
3c829c3f2f9feb6edd6ffca5384c3b89,0,0.006277706
1663bb67f7d5de004be715c69e4ffd7b,0,0.005565725
846a84c71d2a46321bf6f94aac88a0ae,0,0.005630962
4b6f6c60895b80a73780c7cd573e5757,0,0.055361696
8865360eb7f5e98d8567b0b4e3fc4dec,0,0.003794834
4ad3217dd30a13fc6b45321396374bad,1,0.9944343
623033af85bc13d8632ed6ac77122aff,0,0.0059803305
cad1ca5d46e4605e3e7daac01a39d173,0,0.004030743
b53d983201c7aaeb72f2b5874bf801aa,1,0.1056711
220cde1826129d79e39d7ce8ecb1083a,0,0.0065897712
9e64095cc1bf155702f5cc76281724a6,0,0.009196552
e7123875a9647a768cbea8bf16780194,0,0.017078074
e9eef0a3ba5d1ad220b1a326aeb820f2,0,0.9546474
9893c160cfc1abf6dd76dd786bb86b87,0,0.008511303
604865686cb03d5e518093dc075ef97d,0,0.004801641
aa5f595cb6bff040170d3e6d03e0a54f,0,0.0047459654
1dc50c3c11bdbe266d2a7f6787ec40a1,0,0.0048391186
717d3033b7d3686678c64091f8415bbf,0,0.008560892
41482e0fc4ed98ccd1cf19c884085a78,0,0.029008124
5043f02e24610899ab793bf32c18692b,0,0.011008186
b3d8d9b9215870fa509282eca8eb3fba,0,0.0040622284
ea5a2ce824465cc9289323be1a0a36a7,0,0.0065897712
38754f4f1b1e15370f1364c3083f60ef,0,0.011732466
ed6d4ff5233056a9aa452bae3df17683,0,0.37142158
d779d92cb4d287f291e445b05cea13fd,0,0.005169658
df570200ed464d81292af9b2a7c92c02,0,0.0043908665
1cc6b544d4fa58bb0b8b83b00fa1b1a2,0,0.004339933
5855877d6ea62211287a46193657b4c7,0,0.021948254
66e93677a81df2098d83a536ee9e9951,0,0.004256349
9c4943cb45bf88d7f4dd8a96ff7f7b72,0,0.046986636
1d0510f0732ecff1ac1b31506cbbc773,0,0.0041581606
583cd45d82931e14a6ca6feeff1c4bb4,0,0.02732453
e404b5e06ec3268471f2d4414e0cd991,0,0.00472755
41740d7221958952ef3cd3064cf4ae09,0,0.0062291576
ad7d0fb6ff412d4dc9a7bff953730a31,0,0.0049533066
31c0a90b1721b25ea73b9113c9cdf749,0,0.004339933
84784356f8ca3b111d8cb66e5bd0ab96,0,0.0052608517
0ec76af42fd6796acbdfc6e44175d06d,1,0.039750516
aa7a8f3b504455aa7405fdb51d4699a2,0,0.0046727294
c8a45063c561d64bc5327d66f529bcab,0,0.0048391186
fed274d94536fb0d85bf2dd1c11f51e8,0,0.0065515246
41d1e553f1bb222e454b21f4c1f9e55a,0,0.011687259
24d899af853700a618edccfc4d944a7c,0,0.011619772
dce0a8fc961bd9a0ee5617260cdf44db,0,0.0045208177
5aea4b6fc54637b5f904e54a0bc81010,0,0.009878942
c612d78e41c38fa1a72ac1660c3665c5,0,0.005030917
d4ea8ef8b18d0836792e26c030bc8eeb,0,0.004895881
86d74aed1858dc5f52045f59778cd4a9,1,0.6071101
c4e314f9152ef9e68b934645a60505e0,0,0.0091787735
4e8068f15d91446b9563feb906dece9c,0,0.010448625
362574c4f9ad1b75d1dee7dc65f37807,0,0.0045296163
b69ccc100dd0d39adf55261a74c8ca9e,0,0.038647197
48985f9ff0ad2102ac498ee053e9226b,0,0.006731917
f293e341681887dd52f0230398f7380c,1,0.8655654
74e21edc92124db71e9e2e2d59e621ff,0,0.0040464555
324d47fe8da4d5a1628c1450d1b8ff40,0,0.004190637
643c0f078fcff695c772448541b1c1d2,0,0.005641909
7cbad55ab073fe8f9e1b75578305730c,0,0.0058539603
6f66eff8a51a77eff10e4c54fde28175,0,0.004773722
0406a2a61f3a3b13e0bd275e160bbf47,0,0.014928338
4ff11368b61fe17440946f0d2f1fa74d,1,0.9744348
dc20eddf6db65e559e9978c0825555bc,0,0.006731917
25bc6a80695a3b82f3521ebab6d443e9,0,0.0056200363
d529502b0e0c6d7756e570441968f157,0,0.0045208177
6b4ea96b633315ef947ba1da22c483af,0,0.0037800956
110df6e58bc66adbce4208f698793da4,0,0.00932197
87bcb41f132f69923be9c3fd7f8b2e02,0,0.026861202
d57ea3cfee6fcdba95b6471c5bcb05ca,0,0.003869391
f5cd217f1b64109d9f177c508180c263,0,0.017900169
4e8bb304f0551b87afee69cefd396906,0,0.019549947
139edc487f532a7b2dd20068a4d8ac75,0,0.0057302467
3330990bef0032df9dde1bf01194ba88,1,0.9944666
311f2b3462cda3cf9ae074797fb4e7ce,0,0.0051797125
5d0eddb124e99018cbb8fc29445322ac,0,0.0077555366
88ab38130121916e06c9819876f26484,0,0.005533388
253bd7460b1c7776fea80e574608ad74,0,0.004093958
4e7f50969c60108e2f72f58ff9b5d057,1,0.14669742
9d26602180212e59380816e03c04c45a,0,0.004564981
1b007899e5080392da1cf480a27594fa,0,0.004442395
a2117e62c803f52f22a7590e6a596610,0,0.02025469
c133e5a2c95798a876746f3b46d009a0,0,0.007504158
5ee343e63d125b3a72546415298e89a6,1,0.99400806
30426cfb37e0f876a56b51c34776d096,0,0.013299493
e4085b78ee30f45ac233222feba0ad5b,0,0.0050998176
0f6b22e25bae941fa66b5924528dfd45,0,0.01096574
c8fe4e937025cf598d48fcf232755e94,0,0.0055119344
bc7758f8f8e6adda435cd1ee2d5b1e85,0,0.00478301
2088afc0dbb9fa16983c210517f9f3c8,0,0.014899643
206b70c352e3eb83b6b44ff584524c45,0,0.007562568
d5e8da12cb0021355c1c1b19739b8308,0,0.0068107313
b353f0bbd2a1865c59c5d71a5ff2e042,0,0.004609572
d815e6d80e26244eb2009140759241c7,0,0.009840806
a23d739b6f88bb7aedb4a1181dedd163,0,0.014461765
af36a96e04fdaa1a44d70236d5c4c74b,0,0.0038618704
3d755158d264192a27dab34150184d00,0,0.015365342
a97d7cd41f9fb32916fd55bc810feaee,0,0.027195055
221ca94f642580d7c25905e3f6616799,0,0.0037362208
132ea6f562c4b88837968ee501f12628,0,0.0062291576
3b60f097f80115895549b45b7e93a301,0,0.004512037
d65ce29e3cb359b093cc9f1c68a9c04d,0,0.0036006027
b7402d731957f93b7fc96779d677433c,0,0.004773722
c0a649911a9c6481dbba3079af243e96,0,0.0062170783
b044c6402b8279867f6e422e9658a70c,0,0.009898064
c209e77d9e717fe122dba9c1160734ba,0,0.014587567
da53514bc45a7f0de1753bff742bf04e,0,0.0045561143
cc49a878d7df1f0d4961f4b529e4ec03,0,0.0077856546
852321f403481345a5d99255d50580fd,0,0.0050998176
9b3b91b9d409b9662ce763eb8ce09470,0,0.0072890776
fba03dbcc4c372910560b9311de48cf3,0,0.06910072
46a6352fdaf219927002af7d3f11887c,0,0.007149102
92fc3e2a6e36ce7424e1e169e92c4292,0,0.0120770605
15c4620611a6b23f402720be9afc55db,1,0.99393785
2346bc799167147a84f784e087db0874,0,0.012241275
a28c7102a2c782ea272da43fdce0659e,0,0.0034162786
998cf159b5ebd1710a6dbd13980fd764,0,0.0039530895
751e213764f966717002b1e2c7de962a,0,0.008694534
35ca9692397dff6027d54502f3df7c98,0,0.0064506084
eed486eb037a8450ed94fb11b59cc765,0,0.005030917
4739e1ecb021a2de408cab88b10cf0b5,0,0.004070138
80c5914c9b31d4ecc1cae965289f613b,0,0.0038543637
9e17d8ccefd31605ce27b8fcaf76c3c8,0,0.004512037
de75b9d58a1ce1b65527be5379966917,0,0.014117894
ca8b462c74550db9b95e1fc29b1f3e9d,0,0.005030917
b1c3d1a00d04c578711854081b629fd0,0,0.0045916834
e4da08db0ca08e69b1d2885130b73a8e,0,0.009689717
608ae26daddd4d53a5729b9404c6a4bc,0,0.006475691
70a3acbaa0aec0a90b5b6997be8667a2,0,0.011777842
021ae80b9032c2dd2b12efcfab68ddd5,0,0.012312326
5cc203e00ff61e49d82abe0735376841,0,0.0118005965
07b4e6b33b752ee6dea849aa40a861ac,0,0.0045384313
52d016076e353298cc3eff0ea5a8a7ba,0,0.008950711
beb427805de9c573e476e2c9a7ffc5c3,0,0.01524759
d24723ceab5bd79c1d79747fc4271e23,0,0.025883388
71e03ddbe0a1667372d959eb0fa95fbf,0,0.0065008723
be85f2a2ef295ad7c87e911101d243ee,0,0.011777842
a010e3414c431f9dff68a21a95ee5d8c,0,0.010071823
41dc6bb3b0179c90fb910a5155fb2f4c,0,0.035012625
145db77501cf1e026c4f42b7d09804b8,0,0.0063266307
4ae01137046ef35f3ee9695b0f9187fa,0,0.00478301
26255444be39e1a89189f8ed46b59f93,1,0.045777272
a150a2243fbf32bd72439e1bac6fa3eb,0,0.004477081
626538a9ee42a86688a855e65df08300,0,0.008429287
4567ce66b61fa4304ab66e712eae57ed,0,0.0054059
15ed643361314caddb1973d1f176a747,0,0.0041019293
64677e676db1bf723e765f8faa5987f2,0,0.0045208177
0fbec70569224f6ce256fe991b34881d,0,0.0038844768
c1e55b393429944f089524dcd7589d83,0,0.012383785
32601aeab5bb47cc847b296be22868c9,0,0.0139288595
e943c7de6a13d74d1ba96e18badcd252,0,0.010611421
e417a983f657db73161c5b490a497fee,0,0.00783105
226e1ca1d721733834eb7177216bb387,0,0.013428254
e19b9eb800471234cf511aa8f215c9b9,0,0.018316885
abdee522495d2a770859f417f248a662,0,0.0038393948
5828cfd386aba7949b9e68c13da441db,0,0.006400731
d86aa03dd1290ba9b3eaae1dd199b73a,0,0.0045296163
706bd7dc6512f17b1396f57f6a5ad83d,0,0.004150081
022c99773702c62b6820419cca66aca8,0,0.0037217084
145cf6ac024726cfdb1c2addc399f1d5,0,0.010797568
8550a0e36c0cdc149316efe9ca086801,0,0.016340127
69257186b695866a00a3c6106afd4adb,0,0.004485795
3a108932ff7a94f70345f5e907779f6f,0,0.004264634
04f80ba079c704eb65a44023960d27cf,1,0.004306305
eeb5521ceff27c14391632b41d7f8aad,0,0.0040622284
2fa63525538dc9c97a809bd6a2ce86a1,0,0.0057413853
95814f22e80f7d67ac9dc347432827aa,0,0.0042895884
b5041d71754a33b2026c68d227bc6b33,0,0.0041019293
d314abece33d72a6436cac4a5da57b26,0,0.0074317735
4675db8453e83fa17cc50821edd902d7,0,0.0039607873
dc41c112cadc2fe16551ccab7a2c0055,0,0.004477081
521b852892ce52dd0e8a25e1f00b3a9e,0,0.003991728
e5dbf1de519df8274f3dbce9f36b9c06,0,0.01395571
d2c1512322ea6f25b5474b79714b57d4,0,0.004339933
5aa06f90fbce4e4df0f5adfbce345b15,0,0.0036856742
61f99337ae47659c291e005f9a2e1ce1,0,0.00402291
f7d9662fe81930a37b34dec2c61dffbc,0,0.009002838
f1096bc89422d431d30ecf5e12fc6493,0,0.016355833
b1b735f34ebce2327e2b6bab2b0fea87,1,0.99601597
ae171e27027e61f3921ae13cccd69ca1,0,0.0064256205
760858775f839a840eb4a52bf40205c1,0,0.0063883206
ee967c7399310433ceec64ed50551ccd,0,0.019289602
3df629cb55a9742dfc55b5ca8ec84379,0,0.005448068
dfbd8567a496422c2464f19796ee0acf,0,0.009504082
69401ee1690bf8e804818afc09d6499a,0,0.011869121
a83e1e9521b9f18b24b32fca61855007,0,0.006026952
6cecd4fed89f0f180a00327b6bddbbe0,0,0.004133968
cee9f5c3b8620607e79eb69e8bf151b5,0,0.0049245106
79eb4c38f84b4cf9dba36b1defa53959,0,0.0065134987
970160e2512f7182f597b35ed732ef23,0,0.0040072887
e9faf641601369f3ed3029939ed62843,0,0.0041019293
d75bfd559a34b49ddfb008c9c8b4317d,0,0.005271083
abef0184d89054c53ef972d5cbb65c77,0,0.0043908665
41b652dbce298eedbcd72ef2b0c7ab61,1,0.99428093
2634a958c22935398d7b37cdfe2e4a6f,0,0.0058653387
6c58c9dc5a92353b42a381332688750b,0,0.016324438
7a2dadf280dc9c16e9cb5d143043773d,0,0.0063759354
29d94f147798ba0693cb16551110500f,0,0.005763727
1b62b858fdd9db2fdc72c266fc6802da,0,0.0059340666
b9c67cdeca3377fb941ecd8338dbf6c7,0,0.013597485
8a319e1ad33b79cbbc8196ce004e3a1d,0,0.005763727
8eb6e7ee12a68485c2b8d578c819b6c1,0,0.018546565
584f878f291d43dbcc9ac5372f09551e,0,0.0068771075
1387958cd954953ce64312bbf36a26ba,0,0.0069576087
9c844571d3f59d595aa8a4c2a62132fb,0,0.017865866
d36bbf09559f73a5a4221674dd944ba4,0,0.0043653254
ab191e210150456ec80b5acb335469fa,0,0.008728267
4aa6cbf9166061efa80d388cf891b754,0,0.0037289574
bee11e3196b37b5ece59769d77df4f91,0,0.4546613
462e5686aff3b2e2bd7949fd97253608,0,0.0041019293
9ede564385359207080f8b42997e748c,0,0.004442395
a00dcc139d3c6b435cd2f6207c4541a9,0,0.0033244372
64b4aeaa988333b9acb88a3e58555282,0,0.0045738644
39a9420658a6430721975ed4bccc024f,0,0.004681822
023b9e1b496bb26e2f50c206747e1b66,0,0.0139288595
4ee6d21a14fa435f9e3340707d2c522d,0,0.026759284
ae6da3aa86280b8cf4803d0c9e962297,0,0.21518576
12ff55dcdf5f0f3d6d9e46a7234180fb,0,0.0065134987
557535d544171c3144e00e4afe624f69,0,0.038938507
af81929569ed97f8f3861836ede79e65,0,0.0035657366
085a4ce5dfc9c07ccf7e4d1d556d808e,0,0.004886375
13b73d725736975de5543035923fa9f8,0,0.009376237
15c8b6372238f88b7177cdfb1134e08a,0,0.011179602
ce6bd41c7aaf36d317e41d23b1b89334,0,0.003678509
eb9e0005dd2b3336eb713851645ea5ed,0,0.008677716
b931f4ee178448ef1e79d917399c14cb,0,0.006003596
499608840b53aae6b360ed67b16d3805,0,0.0056200363
0889f19250a2a58dfb5057b2aff2c7e2,0,0.01170984
8551bd171e1ca46053440e97e6afb5d8,0,0.0045208177
37000e9af15f26b882d11e8ffa1b51ab,0,0.0062412596
c09b334f94cb32b061e9c431a1aaf55e,0,0.019400762
8e3426be3f8175ef9dfa33e01281c739,0,0.0118005965
a69d07b1864c5b6fa9926a6f02d4c2fd,0,0.008594111
2803a663b2fe4b43685a7e11e237810f,0,0.00581996
70107b61b1931d74ae7e10b5935d1245,0,0.003707253
acfed1a33296eb57f032486d1e908afa,0,0.041930523
f9bb53d58cafb3a606981fa4fde3a861,0,0.0047459654
42ae3c40cd4010b9c121898d7e509d11,0,0.0050114016
466e9a86eb7406432486ac6ce41be80d,0,0.010529712
2a4bd577d865e20c348b9d7bfb353e65,0,0.004895881
5e0d075a75e9cea7a58fffa5be100ee0,0,0.004663655
539f3b5da4ec45380e53d7dc099e3936,0,0.030100338
fb745f44f16fe94cb30b0176f9eb8fd2,0,0.0062899017
82e54d8098dcdc040fbc9ff08f7a694f,0,0.0049725967
6dc538920c79d7955757d969e63dc556,0,0.014913983
aed8ea8aecc55ec6c0326946abb9354b,0,0.007446194
a31c069d50e00c020dc3706b03ed4c3e,0,0.0036499873
d78fdfc648ea7c02447fced8bb3901b2,0,0.007907292
2f1f8a7df32239afba55280558c1d306,0,0.0040860027
7b3fbf20100c2edf838fcb3b06eaad91,0,0.0065008723
ac37e797babba2c4c9f9927523491945,0,0.018671406
2e0a35a8183e6ea1383d2bdd7ead5826,0,0.004339933
dd3ba20fbd656d118fec29487482ee66,0,0.003802225
c1b64e0ea1e277cfc0e57df8d7a382cf,0,0.003750789
8578541ba99b082a585d4bac1115fdc8,0,0.0061094104
a7d80ba564eff78258d2057d9a330ceb,0,0.0077555366
b4bd8e998985f563fbb796e5cc221ff4,0,0.07935289
34e982e268e3877c57af978cd0cfc1e5,0,0.011331754
d32d6b1c8a7725463fb9a4e0889cc5b3,0,0.07030384
8a12e90d0b3ed5e695e218005251cc10,0,0.00519988
9413e1fd22d00076af450668e74d93c7,0,0.0045032725
f72e4a7e21a64afeba934bde9ada9493,0,0.0046727294
d9907522dae9e85124844064077466c5,0,0.031026179
60a407aae2d73f3e7e679d964da01921,0,0.018211821
9848d5cad6209f7dbb5920a2a29b3359,0,0.050705362
6a19c764c61bb18e36a0386155594066,0,0.0064131636
215b8807ad1a22fd82663bae6225b2b5,0,0.005544146
40c324fb41a57f3166343c84646425e9,0,0.004314688
93572e689f9b87d3804cbc3910d0c73b,0,0.004773722
f68e971587ef5f2551bbef3745832184,0,0.013428254
29b4178d7431752a669c27e5e6aa95d8,0,0.006253385
7bbe8d53818a79ca902a8a34eb555b6d,0,0.012673735
5f7add9f78e8f8bd8e23528da3f6646f,0,0.0058653387
07d3e8ced1530a832c8d372f71988fd5,0,0.005271083
f384b33d0204cd6c61207c3a17dae134,0,0.004331502
0ac455f7c37d85d9fb9b793ea8335865,1,0.97865146
311734fba55843a19af54ad5ffb71c45,1,0.98475236
8429cbfaeaf3873c28fb0a9f5d38944d,0,0.007360082
0d609dbfb08173dbdd9a456518879c0c,0,0.004133968
16cb0b068821664c38137a3b118f3e3a,0,0.0049149487
cff08f1f845dbe1ae0fb1b34b3f5dd10,0,0.003337405
aa35f225d4f1c868d42a8342322d4015,0,0.0061809816
07b951ced8074de5fbc30ddbee4f562d,0,0.01561854
1f330a3add4fae09785465aba0017892,0,0.0032666994
81b530d42d3f51c51d903ccd20c02633,0,0.0051296344
2981c39e1a29261e6a1abb44eb5cad1e,0,0.0067580864
98ddb0cd49a81bf746981098826967df,0,0.005080037
88d4445e7bc80c9d4b442c454c2cbb68,0,0.006205023
6ef2f8f17517276c4ae39bb290cae270,0,0.0043994132
cda658eb8bc723e9b28d2ed3a9f5f0f8,0,0.005089918
4a77009185ab020d8bbef33a9cfa8410,0,0.0045208177
bd62f093a675a62d57451a47b7a77969,0,0.006097562
2647154ce989127febd7802fb57a5fd9,0,0.070880495
bae1f212e32978903786e53e7c9bdb46,0,0.0049725967
69ad4b80291ebdb8172a228002beb79e,0,0.005364056
b537e9707e411d81c725baf3f08fe331,0,0.0054692742
652c1d8976abfcd630b1db5c22bbbd0b,0,0.0063883206
294a580848a33172101c452e455c37dd,0,0.004133968
fd6a8d89d16b0c711eba19f5e5718af1,0,0.0041743675
cbaa84ee20492bf2f7c2c1651df5231f,0,0.0085278
b9337a77cd2540363f635ae4a4a7ee54,0,0.0035449788
f33e0608cf42757682634daf6de3a8ad,0,0.013020489
8ba72e4a88b55b7894a2d687b6b85866,0,0.082180254
1620ca1480d205cd51656465921d9726,0,0.009859855
3735c5b18193951b9310e698ea69509c,0,0.011266297
f5e337f444504026307db2c9a5ce67f7,0,0.00581996
faa36856de1733876d07d90599942468,0,0.0034834242
3f294b6f36f8cfba162228a6228ad49d,0,0.0061450917
d69f0cb55c698c67d197fef92563fd33,0,0.003707253
e1d71b84eb9334eabaae133cb9a7099e,0,0.00685048
88e15f668034232f48dc365204364a01,1,0.99565166
68a3b92eb3904adcc57707cec8a18d33,0,0.01200735
6243c9b9caf9a6ea8baef986a7e96ce6,0,0.004609572
ddd53900182d49b0116be2a3b499f131,0,0.0059340666
9a22496a71f1cbc1e5e4bf132ece85d9,0,0.008283627
785dc9937ced48133339e8a45d77f418,0,0.004223366
77538d40ecb9e7ac39899f23afe6a30e,0,0.00588816
cf034775a5a43fb816851dd6748f7dc3,0,0.0067712096
fb661d678dcd5b423b65dfd5008ea2e8,0,0.004485795
25c6f553d090827f20d3e389c7c4e7a0,0,0.0043653254
9eb8202894daca7a447788b3ec70c0f0,0,0.004442395
22bb7bcafff605f49dff502cfa42c51b,0,0.07779745
aaea994d99c8c9656b168be5057f92c6,0,0.011823394
0734d109745d3be3f62a11a6c2aea36e,0,0.7539199
27790b9088ab3fe2aeff4d58fcbf095b,0,0.0045561143
607e2ef3f7ddde4ff086a0ac404e9e9e,0,0.0036856742
c8ffe2e445fc7e5885ab1e5273ac6ba5,1,0.06596494
8bf7f0b0d5c86c2952f5ca45c2603c23,0,0.0035312069
ba4fe103006b37ee314d9c07f96f159b,0,0.003787458
549cf8bb134bf5d5c18c4c9ca0b7f500,0,0.0040385914
d69e2998b2601c4bc5650cd4fd07ad28,0,0.0047092056
f620294ca85c6c8c03d5e1d61184a302,0,0.0062291576
7e2d2b1da4c4a9e0d07c1b0972621475,0,0.010631946
1c4057248809584cca962291a04df68f,0,0.0039607873
3ebeecddaf8aaa743eeecbb1b72241c6,0,0.019568678
5a087df9c4a6b8c2b2b4727178966eb8,0,0.004117918
c7e2392eeccf62d5919b181c1426be37,0,0.0038618704
9f047df73ec2688b67c8dcaf8a20a0c0,0,0.005322535
9e9c0aedbb5c6ecf1bdb7293d6ccc13b,0,0.004223366
9b9a2baf9417e01e8b4e0df7dd8aa443,0,0.0050998176
8b4989fc1c3c97e96fcc57e463726e44,0,0.08137364
89d057c47d0f071308800d9d49e6c535,0,0.0045032725
114299b5a1d6fe127f0af1d4641f5942,0,0.004886375
f7d9c9fbccc0d9d87438d096a42afc99,0,0.004166256
b6afb75976b19cdaae08cd645144aec2,0,0.0042151595
969e1a44814feec33b8cfb6657e83cba,0,0.01102947
ddfddaef447aba287fdd52a72a9606a1,0,0.0063266307
9449810ed8ba339bbea94b9f3f413802,0,0.004297939
661e7d1d30c8a64e5b157e200f29b54f,0,0.0061689946
42022356a06b6d29a76b81577ecc848c,0,0.021969225
4a701ee706d39fdd714e0262b157b412,0,0.017375665
3aa87903a628c8ea8835a0931b70a4fe,0,0.005281334
42f2789b5ccc7c6b55030e8e1064aaaf,0,0.2386389
1566e59c7a5e65ec593e2d85c59cb949,0,0.0070254076
5cf247de38210009ad3dc76be67ee973,0,0.0058086696
3af05b61e003bca69c1a73e7f8a65b24,0,0.011619772
0368174e5d3c758e645a7e30d2f22a98,0,0.0046545975
cb3dfc73ff0d9c7333cb807caa96d85e,0,0.006121282
fe9dc8b307fe76cd33d14e314b90137c,0,0.010388218
4e284c8a7553076a2770f6bfab2b7617,0,0.027901376
9a342c5ff410dda75e8dd81493483a90,0,0.0056969603
c12e5f2651d972e4feb8d97e99c2c55d,0,0.011664719
fbfeac6298b196497375cd19fae4adca,0,0.004494525
76bcbbb964d88ceedb0cd2bcab0ff114,0,0.03265138
89418cf60cabdbe622176a49af1ab8a6,0,0.006085737
7afe0cb876e2b8adbd21ddeb77fb4aae,0,0.004314688
e826b1004c9a0dfd35d3c857c6384fc4,0,0.0045472644
8bceac96ddd13ffa627c806f78266bd7,0,0.0039148238
327c42f0b4b3c8658bf485527149dc05,0,0.01170984
bdca200b924db7a28d51431c2d63fb2a,0,0.004070138
119b96a821c2fb13e95013340d672b0a,0,0.007345827
cffa04a90af1105ff20176c28ee13e6d,0,0.0047000605
8b2d9ae6a167ecfcf0cd90db0845f9e0,0,0.003999501
d83e002ab8d2d0af9151262358b7c866,0,0.010328153
fc1fea6a76bae82b8e94857df5ca1ff6,0,0.004848533
378366942961594b0eb496dce2c9db23,0,0.010673116
cd33d608b065bab4c2f325d8cea3df69,0,0.005831272
d4643862a33e3581397925b0f2ff4804,1,0.020332353
a1caac81c2cf980d589e8c20b36e0912,0,0.11813053
54c4cc3b1f32be589ba5e0795725670e,1,0.05355163
88a126725cd38de9a4375361fb2f229c,1,0.012722708
650945fbd9e4d37c14419e3a352f0aeb,0,0.010860332
3dee7c66426b0bbbfc44d9051a76ad26,0,0.07336364
01f89423ac82159c609a0a33c7f814c5,0,0.01524759
601364b2ac6404f9992f1355a9991a65,0,0.0059571536
0f224990bcb463adc058c0492f3f8d1f,0,0.0045032725
016c5cdebe39a0e1dd06da59f1ddad00,0,0.004792317
285f97b38db3fb8fdf0e23152194bf64,0,0.007360082
7fd13b405d543dc9b59fecbb61536e80,0,0.010328153
f6b629fd62807921f1cba74649f44e02,0,0.005322535
8e9a18fd58958401788622f9c16c95ea,0,0.006837205
09b4dc4ceb7f46d38f54b310e363bd0d,0,0.007876707
32289e1e2467d5eb19e93ab147127710,0,0.003607617
fcf77f405df52f2ab3a64eb12fffd541,0,0.0058426056
c71f9d97b83c9ab58e11a9484969265d,0,0.008660931
34c93e50b363fd3116a5c801953df1a1,0,0.0059110695
9045d35536028b1f7755f1cb63e915eb,0,0.0038769261
77470fd427d355cf8ced4e03b3a5db85,0,0.047780063
cb1c0b2aaf3983446d35843e901221dd,0,0.003976228
9ca77629a0fc50b19516685a3feaf14f,0,0.0060152626
0afc62045d71a65ed95027242b1bccbc,0,0.004886375
6a0730cfb065498b57316aa45c96e3b5,0,0.005089918
f1e8bcc5a21d4b08f835db97e65420f0,0,0.0037434977
67b0df122747f55a9757d4441fe97a8b,0,0.0045032725
e22d6b92543e8cdc998b22e94bcc67df,0,0.0037800956
01553d943466230ba0ae69c8c57deea5,0,0.0048297215
c551ca394ed0a43e9635e2c8b5085649,0,0.0083967
2910be238e4c7bdb2ed6c0d30a05a963,1,0.99629277
be11029575fee953630f79e25139e80a,0,0.009107993
cc786e3fbf1fc2986c4217ef563f3934,0,0.010693759
511eaa52af71be2748b42765c3820fe8,0,0.0036642202
8e1e12fa6034603598348978b1724158,0,0.004133968
bab296c4e2e754feb6df5afdd7aa3a86,0,0.0049340907
53cc2411b39bab01a184baadb79b3b08,0,0.0046727294
cd01126550124a7d30ba93f531503d63,0,0.007922627
385a93f0e5b6ae35c43830b3532ae958,0,0.0056748753
e8025f6700437d5854cdaa9e84af235c,0,0.0040464555
851c422df95d2de8aab96b3fca13b6fd,0,0.0034834242
88ed5004183ea0a6c8ccea550db7cd62,0,0.012771868
ea287daf08983f5f2bcdd65882bbba51,0,0.0077255345
51d83e30968afb1e9ce434f109196d35,0,0.004093958
c5d6fda8e5e224fa484025e313574c18,0,0.003750789
df45e364cd0d5fdc52f2d4c409f718cb,0,0.0048297215
a9e91dcfff88eec52d05e406ab15eb45,0,0.005291605
b01303a59c80d47502f30afbaf23d2f3,0,0.012698199
e52515836ee2b6b26984e707ed565445,0,0.003991728
8a7255466660ec15d746fac39a63d9f6,0,0.0038769261
450f8cfa190927de846621effcefa3ae,0,0.004485795
93595718d2cd46dea4f76ccce1376aa7,0,0.0076066726
9b6dfb96d10856d1ed231448579a0774,0,0.004442395
b61210a8ec5156fd3bb5e39fbc9ad036,0,0.0032730647
0793c999b5d9f1a5d3115f1e24272d0b,0,0.0038920413
077061ee285b7e6f2843fceb303d5570,0,0.0059110695
a0572d4ff4d1bbdc97c7d1c3af07b58b,0,0.011050795
f7e869c9df9943763abb27ef2bd9032a,0,0.0054269433
b5101cf76dd95ab6c8f0d19770234aa2,0,0.006003596
1cb1c2d8e5db0ad94b9b936cf553bdfb,0,0.02317551
690d474dcaafdf565e546d16e37a7697,0,0.0076214303
6c52a53ceb4c2eb0a5c830633fc63768,0,0.006050398
15a007b99c0fb21459b0b328f2cea31f,0,0.004886375
074735c96d800313e4c37fda1301add7,0,0.014199681
41bed1aedcb51190a64fa054c4ff0c03,0,0.0066153933
857174ad6956f5bee7cfd4157e868ba7,0,0.01335085
a9112964a963101701a27e120ec86ee2,0,0.056444023
bc048710d9842bf6d0125c3b31122a30,0,0.0050998176
03713b4afdded92e9990b2af14eadc4f,0,0.003846872
c55043d332e45721bc2d3a13665e209f,0,0.0065134987
446427e20fb626a617df3bdf744047d4,0,0.017610641
289ca53570caee01e06aa94be9c0a3ee,0,0.0037654138
5f9ec08aae7dd63aec5a310f3270416c,0,0.005630962
e25800aa9b559d2ff7f2de7c05198af2,0,0.021698097
3bff2aba3aa9cb0c246390054a536611,0,0.004425152
7e532ca9161a28762fb08ae220240846,0,0.0033831915
a95eca69cd20d8d0190263219cb75e74,0,0.006666932
b448db2c9a9498a1e9af230f13489ef6,0,0.0051097376
9811843b1503797bd76065f933ed14c1,0,0.005030917
932c51127b2bb6b06b06016debb1ec70,0,0.005070175
126e70daa59d5195895671fe102fbbac,0,0.0041099153
e374d4592136b7c4227ddff4ddd40374,0,0.004962942
44bdfbb90b2c23de58ca40130d634ed7,0,0.0033115193
f5a51566076655e45bf3f8998e004a8b,0,0.0045561143
d1b29fb80a9138f1b2d2d8799c3af6f3,0,0.9841241
3e1e45a955f2fde01c7af67a31701691,0,0.006679879
f6e44c91e060c14cf4c5466d7c6c405b,0,0.005831272
95922b33d4a8fedf73bc9ddd335b39c0,0,0.9943141
d17314cc7d8117ec086ec59f79499e2d,0,0.0034096357
4fd713760f35b67002f64438cdc7cd06,0,0.0044683837
28776f2ae96cdddbe8bdc81ac8bb0222,0,0.020527788
94ec8904764dd58681ef31bfeb7b493c,0,0.005281334
8f780544438700046d47848796377ca1,0,0.01243165
ab1c3e4a5af8ca2e6442b1da14632c85,0,0.0054692742
b051597760667e4b0c83c394111be24c,0,0.004886375
e0455897f22d033948236196762a1e9e,0,0.0034564096
9ae74f7793e21563f702c38863f0be37,0,0.004477081
181eda0dd7ab415e5c29bdfb40e442ad,0,0.0076956474
817307df992d10ff3fad8f2e35b05a49,0,0.0059571536
69b3b5789d8bf540cc9339bf9295fdfc,0,0.07250526
7bd71ddf9040ff7a15ce2cff521f5e9e,0,0.004609572
e2d0e8d7f16295b10a6b20d1d5a21b94,0,0.016340127
b392c70b94f379686546a727ac2a0fa0,0,0.0041259355
52a7a5e35b3a1e7ec9b072a6e4f80d11,0,0.0035657366
396d6bf8c1ee9c53d5c386bc700ddf9a,0,0.005395409
8f3295df35c71807d7f02052879a3206,0,0.0039530895
4c508cbe3a7fc109a3a1228ade7bb2cc,0,0.0059340666
939cc14f98b7b5bb6c12c63c4d7c0edc,0,0.14688087
745dab151563d99d2d3a18c4e04cf204,0,0.0062412596
818ffda4b6f7a635b83537e47ca32cf3,0,0.005374487
d8c31b92ee8176c341ddc23b4aae4b98,0,0.0039454065
7e739381c4cc488ece27ea080d36c189,0,0.008061991
d1e135b3a3381244cd6e10b5cf7c6415,0,0.0075333063
208f3d784453ed29c316076250f4c202,0,0.0038618704
1a84000a68cdd4fe9851e06adbff3cf0,0,0.0066540097
83176ee71f911ea1b31d6796bde02d5f,0,0.0037362208
36fb376fd49ec9535b6b6c75be8fbdb1,0,0.0052608517
9f1e33c8292fdca5b851e2cd32ec48cf,0,0.003907215
a777555975edf2ae1205de6cf2775299,0,0.0037580945
711a2dedca225c83c20f89a1ade75081,0,0.004943689
f31eaf177755d4a891e28395bb2ca002,0,0.020488555
3173f596a29eeed514875a308adc9e71,0,0.005291605
9ad1607e1a5c6def671ddbe0ad4e9b60,0,0.0043738233
cd99ebdd65b518cf985ac0d333bdb69c,0,0.0107351625
150c1185ba7a229c4f8bd7a2239abcd8,0,0.004030743
bf510869d9b411282bae571b9a7cee05,0,0.003572683
b909a2a63021ab2e0f0d4ad52d7bbcca,0,0.031888988
d1546e6362b81678aad1cc12d72a1e55,0,0.01627746
fb135eef70aa7aeab3f2c025c439515c,0,0.008108984
c3e9a52ff466774a29d5cbc759a36aed,1,0.99648935
51a2048f7ddd461b16eeb7343ef18d74,0,0.0058653387
da5a01e81f1e1dc59921fcdc7ca0f863,0,0.004801641
c8cfd837f3a30d3586e9d7d97ba90607,0,0.0075772414
9e15dd17e28319ad2823fb7f7f2d70f4,0,0.0068904604
d6aa8c62e6e5bcf8584fcc7545b8c741,0,0.006265534
3b38aabeb4080d7515cce02c2661c222,0,0.0044597047
c2f6c718ce515cda208b57dca89d62f4,0,0.013888677
85a241da9de738f5cd99f4a3a0c5b4c9,0,0.005522651
a6a411120f5aad87b622834f5c523979,0,0.006463138
a7579f94bf34562e6d250f4a72c46f44,0,0.010189338
52a01f633adbf7f257ca98b9a96e4319,0,0.004190637
c6208b1430097552601f4cf9ef5012f8,1,0.99628556
74e3988a6341cbfc9fe5b170844628d2,0,0.0044079763
b1a117fc2be67ace425426d255b3b172,0,0.0052608517
23f93ce252924891de0b64d37ba1dc3b,0,0.0065388246
bad93f600a5d66c1e69ae9a5d687e293,0,0.0046727294
9801edeb6b8189ea7e5a8ca5e735e209,0,0.005641909
fd884daad3edb7afe2abc4a131d9d147,0,0.009540926
0b50c76beb50bd5886a192226bd472a0,0,0.009878942
2d04300eb0ee1a1e8e5caae71924fdfa,0,0.13528919
5d949017adf18b8ce49d625b57354dee,0,0.005060332
e9f25315d143a996c6dc5f8ff641d32e,0,0.0091787735
028b7597fc02d7671206b664bc3960e1,0,0.005322535
7fecd110412e41908cd94ec1afa0a8b3,0,0.0046006194
e890f2e43631e7a3f3de03d17dde129d,0,0.012771868
53e9a196e720ea0503eb9219479bd718,0,0.015603535
f97d1eb37aafec3e809f0215bd92b0f6,0,0.0049149487
b895b0b0963dd45d16046c50cd08db66,0,0.05455022
971a45a649dbb6c4e7e7fed974088d87,0,0.00619299
5df73097d58277ee67b3fc4192c31040,0,0.005641909
89f7f5b3b5577df12d60b7138f99a82f,0,0.004876887
6349aa652a436eb093916a185084ea86,0,0.0043230867
cac64a1ab304e474abddd51e2fb6c420,0,0.007360082
aba96d6d809c1d1ae17c7fa07441b75b,0,0.0077255345
1ba05d8077457a236667bdcfae851a3c,0,0.005554925
451ba851656f89bfa8ca0b46c06114c9,0,0.01883313
200eee40000124e33679a26e7cb73cd5,0,0.0061689946
e7d705e7484ceef2efce69bca438f526,0,0.020332353
01ee04c5e7e32001aea0c2b769f5f445,0,0.0052099936
65af432b780658db2e7266075eae37ac,0,0.0058653387
db06ca16bc749f02e485803840c31c59,0,0.0034834242
a0b7b11a97956c4024b3888f78d567e2,0,0.004681822
efd334dec10191188b0cab5064c6452e,0,0.0038096302
18f49c8cf4825f478a04ee19dfa51a4d,0,0.0065388246
bc386735ea9e567e90e4058eb285dc80,0,0.0065897712
024248a36baebf128b857281e9e00277,0,0.0035657366
6e06df793212e306708589efdc6a5a41,0,0.004425152
65bd94907256e6169d1ce4655f11a241,0,0.01217063
6233ae614ddbb501d8423d5ec2adf8ac,0,0.003787458
eb40ae0123be231dde10df73bcb96582,0,0.005332886
f1a2c48917b1a0a8e696b2caecf1c995,0,0.004451041
f25caaaee0b29f748d21f03ee3b4bda0,0,0.00577493
9860f29e581e53310a794864e2d09b57,0,0.012821214
288daa5b2e06b22e9bbb162baaf8350a,0,0.011008186
c0b555f5da12975fd9affbed685be108,0,0.004117918
68979c333c4dd1ed4f476a750d1b8ec1,0,0.0069576087
4ed8a57d951889709d4f5c1f7500a2a7,0,0.0072749583
3a6536a70b819ca65cef0b319a43c668,0,0.004663655
e086595bef96bde289ae49d6208dcdaa,0,0.009994227
9a6b4867e3ee33c783c3714872ddae92,0,0.0057413853
4789c81d56864be808ba303e54ceb3da,0,0.0036146443
36dae86f5504142acb511637d4f34ed6,0,0.019345103
d724f444a4ef667ef705ef1ab853a4b4,0,0.03750274
c4da0e1fce0dc148cc086da31b3a40b3,0,0.006363574
5432f11c9dd9981bc468081befaae7da,0,0.02539547
d6731e1ba8203d71e42ef0adfbe7e299,0,0.0048674173
d403d541f099ca8c26257f32a1148474,0,0.0062170783
70ed333159996dbe3bd190ca5376d54e,0,0.0046909326
e0f5231577c1104414a410775fac0fea,0,0.0046185427
d61b853e4a835da3a9d32b29d8a44ef4,0,0.004223366
3105b369a07ce90c9336ddb9c7522b4b,0,0.00581996
8767ddc0b706db69d0690b9dc333c2dc,0,0.004792317
ff48334f1b0e45256fbb8e7eaf4ea71d,0,0.006097562
e077667425b8611731a7a242e31e1127,0,0.014531522
e2fe22dbb2e45a35e1b7b2ebe15c48d6,0,0.0067449897
9409f33be4b7724d51cbed751cd8adbf,0,0.005332886
923e167003c45268c5b0a27d2de35928,0,0.0052099936
dde1f06ceaf7a1a2404a47eda9d18870,0,0.0045472644
3e134de02053af9ac31f8900d8f323d2,0,0.015633563
5abafef00c79d3b9e0689767defae6d7,0,0.0056748753
e7759aab1891ef766b4d35ef1e0061f1,0,0.22686929
ecb516ffef6419187804b23a10fd9ffb,0,0.005332886
666f8a371546247072932a3d89e1508f,0,0.0033504234
72090693528a88e847436232ca061dc2,0,0.023734689
5edffd58fae817d831e4a213f0af6f8e,0,0.016529558
55ba95314c0007833945fa8b7bd2f79d,0,0.009232215
b1e20c61b1a123f2173433ee1eb7d836,0,0.008299687
1134ab93ac83a2b4c1700b9e7851c1eb,0,0.0075333063
1218f732bf8c9b470007367c92f33733,0,0.013045614
9086af1480878b6f796203e8e2f49de7,0,0.005220126
ae4b8a0c4587e56567816b6404359454,0,0.007907292
6ffac6ed6b0390f37c09190ac5cb9f97,0,0.0036570965
139e9a354778546f5531c6a780b451b9,0,0.0072749583
0332f74762dbe88400527aa2026c5d93,0,0.0047552
479bbb5f465e3804f610e5be8b96819a,0,0.011755131
c6b1ace6714b8c2831c46d35588f5ee2,0,0.0047092056
11ac0a53ddf4f1ab5cd0e75f068e5cd7,0,0.009394396
57376a41726f55edc2ec2bf9b9447946,0,0.007861458
591f7505fc1d4abdd6ddc1befb1d3efd,0,0.004792317
c4071af2505bd4e05d02aac08333ecd4,0,0.0057413853
56b38cbd943bd935add9503252feb1ce,0,0.0050114016
9b77bd1dd8dcaf67ba421b5fd67df1d9,0,0.0043994132
485d93fd5ed75825b423d71b247eb09b,0,0.016657041
b3886325c3e701f086cc0194c7f6ee6e,0,0.0045561143
333902aebf85652df2ae7dd2d96bea8d,0,0.009652304
aed73ec3dfb222ddd495df921a204c7f,0,0.0048391186
c9a3024791c66c4d560e9341178ac704,0,0.008968053
b411ad8016dc3da103a72f2ced2be739,0,0.0065261493
2377e679d2f6b82aa51cba2323c21a47,0,0.004792317
b639b400d0e3528bfc8224f2c5358858,0,0.004150081
9a6f8ef44e2785cc70adcd42dfefc13b,0,0.0043823365
8a3200676e11df663a0b04a8be188da3,0,0.017695317
d7b272ef1e562871a31b636ff7ef4fbe,0,0.004582765
0c3d217d54293c6441a6493d86b57542,0,0.0045916834
72193485999a58779932d2261eff8238,0,0.006692851
1af6951aa931192e65b9717439e1520a,0,0.004609572
d78381636dad5c163692e8a6ec0163c5,0,0.0051596225
9c2ed4c12f6985eb532db575a6b37120,0,0.0041824942
716b4f10b2bb93d24b84f7c8fea5b70e,0,0.009394396
9acd330630dcd2f70a078d1bd44c5366,0,0.008728267
abab3721befb09c42f747e920d4e81e8,0,0.0033309148
669050fe59793b770dc8261a2f7088ac,0,0.008985428
231b4db324f6460be08b366591c8a17a,0,0.077099696
ecb4991fee88d20cbfa3be6941d8b183,0,0.15071502
33d500bae9667f534f2e706c973b3cbd,0,0.008077626
30c6b9edf351d34c1f6d52d5feeda267,0,0.0042151595
758fff109c8d60ff537c129ee8a024a3,0,0.0041019293
43c98ec542bdeaadc5bd84580ecc1e63,0,0.0065515246
83d9a315d2e984188eb8a5c241709563,0,0.0045208177
4740cc7dc931e2c244ddb14ea18fda19,0,0.009125638
05e935abf730feecc040b9c6a42a385a,0,0.008813167
bf5d05a6a5439c00f626e58e58e3c8ee,0,0.008916127
5c5f6cc842da91528574c4b666a51cbb,0,0.005968731
1c97a272e3fb45901f6a201e6f1181c4,0,0.00577493
52d36c1b42f97e90ea55d737a0012b95,0,0.0077255345
48f34eb6c1943e8b4f5c1dcff80d2c3d,0,0.005080037
166407eb5906453f75767e60415d8232,0,0.005641909
058a9a6f53bef0c42e37326703c9cb79,0,0.006265534
32a4634c9adb0e60d78c1abf94ec86b4,0,0.93033177
082ae2970170ca534e55e25d02edcfa2,0,0.0065642493
157980a9cd53a6b17b80b5c669f3b0fa,0,0.007176882
4a08fefb8a1c2ff52fe685bea62879b1,0,0.0043230867
8dcf015ba1d3eb14a9f46a94969c6788,0,0.0038769261
c9fb3d8c334ae9c69752b9f9d8e84142,0,0.006944127
92e66db5f1bc3fc830ba8b6df9613f59,0,0.41531375
d2fb13019221e4e0fbc5bbead05f8dc4,0,0.006666932
d38053a38d9d40e0b35e15ac2811cc07,0,0.0060621547
6177549195f01fe6ecedd8586fc77206,0,0.0058426056
6e6fee43ad96e2adf29ec4942b43ef35,0,0.006302122
fcb26d2c42ad9dbea3f64d69cdc13f50,0,0.0040860027
3a55bd7daf47d0da955364c39691cbe0,0,0.005230278
80ec065b1988ce34fa60b5e6a3b85858,0,0.0046727294
0136ec08ee86fb54180cf709514902a0,0,0.02353188
ba5c79c9c54d0b288e0d1d66dbe4d922,0,0.0045032725
a6ba0b4fe6db9e7fc4cc54b116c19599,0,0.0063512353
6d320ff3523b41e54597dd842551ca93,0,0.008950711
d4203418a254acb2ba583941286c6f11,0,0.0061570317
b6e65c25966a2493436e3f2f90c840cf,0,0.042127114
c32adfa57efd7246637a06e1202eb763,0,0.011597362
af34b39da5a3edc6e08d796377520ac8,0,0.0047644526
d5601d4a1da4e305e987fc7632c2e04a,0,0.003869391
70535236adf67552479a4e9092e89e40,0,0.005922557
4aac4c5b5a5eaa47e596390fa54a73dc,0,0.008219693
d0e75e50964e05c1307a24721965533a,0,0.04858621
f22bf02076524fc3f79117aef67cd1ed,0,0.0075479234
4565e47c7f134982063d07879a355b3a,0,0.015784562
825e8e217d969448c7914f979d7f0530,0,0.0050211498
e4e9ce9de7333638644f4cd0473ed98b,0,0.013454153
6187843cd0422e6e35760cd1be7048d1,0,0.0049245106
c339728e93819adda3d4d91ca559a752,0,0.0036146443
2179ed682aa6cc4d1032a2db8a7c02c5,0,0.008283627
dc4b83b8ef687faf7794319b199e4497,0,0.005652876
ae456f95e2b24a5d9bbb184b83b291cd,0,0.0037727477
add19fd7f29fbd27b2f1f0a39af420dd,0,0.0040860027
4f51850444b0f36928e39bdc2d6497ec,0,0.004876887
feea9599a1bb18e9be662ba54a837d91,0,0.003572683
579bf40786055c2debed990a9871090d,0,0.010509384
f0b5bb326f31c53b562eb3bbec0a320a,1,0.995793
3685d051b6ca4765fcbbd26b26bede7e,0,0.0048109824
cc9c2b890bc91d04344a552cdd74dbbf,0,0.044639207
dfb50ac99547d095d0771e11b70d20d6,0,0.004442395
7fadd71f036a5a714e70de4b11f799a1,1,0.98913974
b36e33ae5cd11e8d52c045429b06ea01,1,0.0269635
8f56d9f16d065d7ff93a0651b60fcb98,0,0.0059803305
0049a9c77da25b1727070516a3a1fa12,0,0.0037000459
3f2bd16d42dfe519cf9d91759fa63366,0,0.0588847
608a99d4b34d1adc6b3c4024226737fd,0,0.0036216858
df32fcd55787dca1cbba3058fe95adaf,0,0.0043230867
0345ba41a86f695e2424537d69774366,0,0.004905406
74def26abca3a525e6382706a25ec4cf,0,0.008283627
f86d4c6fa8711cc9f8667cfdd5f6af33,0,0.004281255
d91a2d51af6ab6c1b3ab209cd7e30d95,0,0.004306305
5319a556613dad3e719e9cc80bcfe2dd,0,0.0050998176
43cd8a8431c1303cecea3cfdeb5676f6,0,0.004264634
848c65096115c8545ee4915599b22f01,0,0.0056091323
20839f221bf6b6e810e2339077c47599,0,0.0046365354
c3b7f3010d45adb2a1ce091fa4448d3a,0,0.005250641
13e08c10c857face558f75a0b7642b24,0,0.008348054
76b9abfb0c8ca90754d6dc5279558a23,0,0.004736749
bc3439ec4b04a8a1edde500fcde32f03,0,0.004485795
12f7288465389666659345d39d1c53b3,0,0.0038920413
d62906b38412515153e726f70ae03709,0,0.006003596
ff5698424af5f0ebe6f588c8c9dbf717,0,0.85729086
eba12be1664dd70b9b62bf0fe025c53f,0,0.005050508
1903c5e12c79ac31390b00e6213c373b,0,0.014871003
350b6904b0ac28bb3c56e8404df0fe19,0,0.003476651
52955f0d78237b195b6383d46c2ffab7,0,0.006277706
eb78a15eb04d790c8a363249bfe6b30f,0,0.0042895884
17344d9fa44378005cdfa11c4027eb48,0,0.005332886
325e3b97da32a74f9ce19b476666ce3a,0,0.004494525
36d0cb6c4f9117b16d5b0ec42e7a2fcd,0,0.008348054
cbd2bc3fbd984090fb85e6d525444926,0,0.06760823
6328fdef33a959b632df021b62d9bef5,0,0.011309892
c2424597e205040e444bf6151e14350e,0,0.0151307285
0ef8d48e6d4e39a186ee708af33d4cc1,0,0.0047000605
51b0efa66e1c5df5a9b4b28cd9710145,0,0.0044683837
bff81838721ca3245aa0e34ed299288e,0,0.021125194
28ef763b4acc77648fc8d489d146e739,0,0.0065515246
ff1e3254d2ff5ff40326c079be49a865,0,0.004801641
7ea2a4b01038ec7890c967bacc25cd6b,0,0.0075187185
0528ddc59212fa18a4521efea3b422d9,0,0.004485795
7fe2adf4db6a2e7e669692cccb00c370,0,0.005149607
c177b52c7858a9966648395442463663,0,0.009072807
910b600cd2c6931a8afb4287a4649c0f,0,0.006641113
b2e0728fe19304e05a3a31c49a83f4a4,0,0.0054374957
cbc22d2998bec3ca0504363f610cb2dc,0,0.026081098
685bfc101de9a8da13bc6e00c4dfa392,0,0.008462
794baff8cf32eb838822b7bd21fb6282,0,0.0036570965
9b5231035c7c576f0ce89868bfa050fe,0,0.00795339
6543532cae95d6b5cf8a3f13972250bc,0,0.02138932
96e9510e054937f03f4628f04f41fb85,0,0.0054799085
1931d46babf6dbf38ab873203c97346d,0,0.005786155
dd62f20f4286c3b700c9f6bafbabb933,0,0.003714474
5c3737d1b2c3189adcc2aa5d13c3c2b9,0,0.0063389214
b54da18ebc2c916c3a0f8fe747b1b7fd,0,0.0075187185
9b60a278aecb9fe60ec17b5d0a613ff5,0,0.032528225
46f2c388b9a9be64d3cc1d10474cc974,0,0.011222866
e471160fb16e3d4d5c02f58dec5e993e,0,0.0058426056
97a58d5884b4f2fcebd548a3fc545fd9,0,0.01883313
e3e36e1ca5a9eaa7b9a1a04cde671190,0,0.15190639
4ff6970e5fcc9405095197b8008551c9,0,0.0036642202
666925e942f1678bdfa7bd12e065d77f,0,0.004801641
e315d9278b2fa5cdb0a221d064025e5f,0,0.004848533
56fa7446f1043793c43476fae79340f6,0,0.992349
f6981099a9056ea0c7b2a391daf6c5c0,0,0.047735658
ed13a6d7d3228d694cf084d1051d77b4,0,0.03778577
21429ecf0586c587fcea5a346af45c09,0,0.0058996035
5c03bde292926ac3dbe106e5ecead41b,0,0.018038029
ee5e23c9409d916fba197bf2039698b1,0,0.0050998176
c72ccd5137cc7bd96814916f009858ea,0,0.0057302467
6be94b894868205dc1db180f2b1496fb,0,0.005060332
4f556c27f42158acfc28e6731bd4cc4b,0,0.005876738
f364faea3d65bf571e8a63e25716ebc6,0,0.004681822
4566adaf4fc2bab6719a018e7c6a4854,0,0.004117918
2bc5900857bf7b6fc123199490c50440,0,0.6759785
a153710348166552d7cf9f112077c214,0,0.006363574
c3ce0170f96ebc8dc3ee5031437cfcff,0,0.0034631437
766f09cc10765894d4108125e1eedb65,0,0.0058426056
169946c08025074227e08d7f1274bf52,0,0.0043568457
44c3955d3106feebbde33645740d55cb,0,0.8329173
47cd0db13d3570da2dbb4f53f5323575,0,0.06916357
b771eb200f8229a2a3ea7e96ed719d5c,0,0.004264634
8df9257cef45d9bce067bab611a8ab28,0,0.006050398
1c0d11b81981c93f8803ae153a96f414,0,0.0037000459
6e85ebfe508644b156266c654ad45ff1,0,0.0036642202
d58b144f89c05afb5d58241091fa5b80,0,0.0062899017
f4b9484e790091240cd5c55687e210e2,0,0.005922557
002bd806729e3ebe71c96a1c0ff5056a,0,0.007403014
d0fe57ec794c2354a3dc4b4cacafdcb9,0,0.0046365354
726d1a6bb29ddbfe608318997ccfdc49,0,0.004306305
f0856074c2c1b241c166b215a257a1d5,0,0.003976228
f67f536732f1455e8cef6227e1f69a04,0,0.009727271
905f95043ebcb38120138974e3709094,0,0.021105006
c7fd094db7774e2df44887b86dfa0c8e,0,0.007446194
7136f4d452360a223ccfa8e55d99081b,0,0.0048674173
3c87d3b08ec734d93832a4068b9e261b,0,0.0045384313
0d476795db948e3e620103d997aa21b7,0,0.0038096302
1d5b206e83dab25007a3663a0151d40a,0,0.023109281
6050257ed15e40238dc15b8298a44cf6,0,0.006666932
ec83a1e3b16f12df767ea1bec94bd779,1,0.05320621
8a103a4ccabc7a5cbbb71467cfd6b46f,0,0.005395409
12add935fc73e2d0ebc76fb8302620c5,0,0.013982613
1c2b47eebc7d6a6d186ce49273345e52,0,0.005458661
75cbfee602b271588f8b8332d6602e8a,0,0.9936365
11e0e6ab3cf2d4bead222e8ed10b096f,0,0.004773722
738367246f7ceeec9b411c13aa7bc3c0,0,0.007665875
2050e0a6557a0acdee14447fa65d27e1,0,0.005281334
b4937b868fad1fb467a0ac65045558d5,0,0.008610767
d3bb889018335eef6e304e0349e1974f,0,0.008677716
1afd939b441e9b623d916c9a5594a6e9,0,0.01584536
3c613b0e6267eea8bd83d9ef5fe5f8e3,0,0.015424551
c5e84a0c4a86f975c0be8e836f46402f,0,0.06267437
6583fc82aac8168ab315d2d8e768caf1,0,0.008380454
06a04c6ccd92a2d7315bc370cd839340,0,0.006205023
55b5c9c3c229f103d8b223a1f05c7659,0,0.005458661
8dc13a2fab8c7781e48a7f7882ab6bd2,0,0.003707253
bbde6f5a35f95559e9df973d4876c5bd,0,0.005708034
1806222935ac549551ce267bfd425c37,0,0.0048391186
0656a1a33ae6d3e83574bbc5de4677c3,0,0.004348382
77e7aea25fa92dae5a44e67e4069e434,0,0.0044683837
3e885883a615ea866fd461fb7a67e979,0,0.003422935
64ef0e9a8616acb080194fc73ee75880,0,0.009746104
055d70861e575e1420b20f1836d05a57,0,0.006026952
f2e28eb7f68728ed110a6a20acbd8b9b,0,0.004070138
2c768684a56b1404635cb4c3052df15a,0,0.003750789
29d1be68fb4b8cfcc619b5794eff1076,0,0.004736749
6de86a6ac41fc08c2f378b024a64e55d,0,0.004792317
03d5f2f719e2aff7796f2f787ce4531a,0,0.004773722
dfba7ec5f46e624e125a602fbb640318,0,0.0112445615
c0047e252517bf911d0f7e5698167660,0,0.09594075
b73f44e6212aab66ba24848277ba66d6,0,0.0050998176
5ccab018ded4fc99610c6a1f7cef9253,0,0.005448068
b1a654298de564a45e849b42bcea1532,0,0.005374487
0a9941cccff594cc8b794d95cbc75dc4,0,0.003831932
8006e60e0a9c2b1eb88f1357da4a39f8,0,0.0034834242
0dc1ff92ea31f6bae040ce0b8cd30307,0,0.0050211498
c22823ab55c3419a522501dd701ff289,0,0.0109234555
e1228abebb050624fc4fdb2898b08d8f,0,0.005312205
1aa1c656eb3084a07abce381bbaad23f,0,0.009783876
c591dfd09be63dcb5e2ae90976e30600,0,0.005364056
436b5bb855f438a19e762bc688756179,0,0.003370046
50a3a7ad6c593871ff14178f95a602bf,0,0.0038996206
aa140eef959d2207ee8a9c16ca1f4065,0,0.004905406
e7a8b97a4f5b47613f8869c0840ce8b4,0,0.005763727
590c6bd635f978dffd1d0063c691f73b,0,0.00402291
f7450b070eb80be4798ceab79a19601b,0,0.0048297215
4b8c2847746f2f98e7d6547148d256b9,0,0.0040464555
07ff34d8bc7bdcf978669fdd1ae7b25c,0,0.0039148238
2708fc130fc8e81951d3930ef4e754be,0,0.004030743
b5ef8dd5d31bdb5ec7a688ff9db7dbbb,0,0.0044597047
12175a68a698cc07bed1d0826fed136d,0,0.014145104
3c32790a2302f445c98faca97d6b386e,0,0.006302122
d60daf0987b7f6dbf0b459e8207e8ca8,0,0.0047644526
88d4924b3dc83e9a96f836ca05e32f6b,0,0.1899715
ced4fc0ff32d3bd74f91258f682878a9,0,0.114963345
fc698b922f3ae69784f3b4a66ba8e202,0,0.007066401
765e14cceca2010b8e4e3799b36d0a92,0,0.0042895884
1e48abb27967cfa6be96ecccc15d47e6,0,0.016979992
a6f5ba47d032063a9239ee1d6a1b3572,0,0.0043823365
d9debcc86a28493ddd5cd9bd46f5e35f,0,0.07956718
3d36b26734334c311c83b184c2529d6e,0,0.016090874
ebdd3881a48d6f2d131041c3d48f8f86,0,0.007861458
4a3b598233aeb8df38900a743c4b685c,0,0.0043653254
49d1abfa37c50c50334a1fe6378cba84,0,0.0061094104
f8884a0a62f08b8fa4bd0cb96297ee23,0,0.0036713579
ff43ec5f38fc1e128617eaae78488119,0,0.0047183693
83f3bb48c28f48cf6468217116245f43,0,0.005119676
6e379d1af68f7b5593ac1147fe1e6506,0,0.005050508
4d88e79b95e891dea2b800dbc2501efb,0,0.004609572
0730bd1f7de098feba13f03ca2fbe1bb,0,0.004248079
e6373c68d49f8f6b88eba8380e9ead9a,0,0.878627
088b1aef75fb19babf05fd613df160f9,0,0.005250641
bde56850a0485f0708776e441763311e,0,0.006265534
63783c0f226920bf31533577a0677e7d,0,0.003586616
cb4ec10635b4e5a1390f7202593eccb6,0,0.004848533
48afacb619b1f5785bd276b6a776aa12,0,0.019475214
c2d17b3ddcf4e84ef11fdbdac6f8a0a5,0,0.003937739
3f97fe7ccaa5aa7e95effa3255b86194,0,0.00349701
ec0972dc315aa1fac9497a15f8bd4c35,0,0.0073032235
9a7cdc76418b5e37ccaeb0e7ea9725b2,0,0.0049340907
b92404860094b415edf62f2aa19690ab,0,0.0039530895
3a6be88dd266f26dc4c5525324b30e0c,0,0.0039839703
dc944399be88815ded689baef371b20f,0,0.017763345
3cd65f7ee6e1b9ce0542ebcfe423db4f,0,0.11323593
576adda10b7f4fc8838caec562281e5d,0,0.008881674
fbcf589a574bb2955540063d46c77b4f,0,0.005831272
25e5ae8c73f0792c48e060fcb54a3c67,0,0.007800757
362d6be7d432b717f33eac65273ad630,0,0.005708034
d59cc189ee030de5eed06ce85c4437d9,0,0.0067058485
44c5c75346b06a723fbab157cb71c783,0,0.0047644526
865d71971d97f7e7352bed014db5721c,0,0.0065008723
44c40b5b91e9548406aac0efbbe585ce,0,0.0047644526
e27a4cb2649dd19e20d0f0941075a5a6,1,0.9965301
c63179eca6e41a92c5dff5ef89b49fa5,0,0.0055012386
1241d1319370e50b75202fd39b08c2cf,0,0.016657041
dbb65fda8182bea9bf643380e7bc0875,0,0.03243615
68e89f40244f665e11306337ce5d1980,0,0.005374487
74d08be776cbd0653188f241561b501d,0,0.0042729364
aa0ab64a4c77c864aeeb7fe4b73299be,0,0.004773722
61d025a4d44f6b0f078be330a80e673b,0,0.0042895884
fcff542606c3d8d2c2b1df5b62f75190,0,0.005230278
8c2e8eadca411df9455506eeaeb044aa,0,0.004425152
a4218a238a50ddb4775a14e327623a7c,0,0.0036499873
d09db7665e9efb02741b96549f59a423,0,0.004223366
7f5c5905df422afe1ee490baf2a9e38a,0,0.004876887
71b6ceb50975bbe48d5c7e381cd552b4,0,0.0041581606
480d7ea1dac1d2a30c67a15ccf06c2ac,0,0.00581996
4cfd538fb9083617ba05664e83799199,0,0.02727267
d90045e507088236f2220487d7217323,0,0.0036499873
004553545812b81ca40e1ab4eee91607,0,0.003907215
91ae04f8bfab81e6647b5af7e3505d11,0,0.0073743653
632f3b53b5a8419c2c92787140256d11,0,0.0037000459
ce81323bb38a206075836dcb3b19a6e9,0,0.005576545
0bc541cc2dec59ddce3bdc0d42f8c9a6,0,0.0053432565
0ce4f37bb5de83e8cec79bea56b43cd4,0,0.0039607873
decf34c946787a9c37156b43d6372112,0,0.0055119344
2ecffcd3878dad57f307ec5616cd2dc0,0,0.0048109824
31cb7425d89273a16443682bea374209,0,0.006363574
519b08fd0c8b02798d7c95414f81e111,0,0.008429287
1674446fe81c77f5a0fefd7a2e5c4660,0,0.0073743653
7ba0d4dadf2603b31365eb6f5d3a70cb,0,0.0048109824
46992a95fcc6203dfe7b39987425ba72,0,0.0051797125
571409c5335cb6f3dee1e9c74cd1e40c,0,0.0051797125
d5623365617e2d78cbfe008935496cd3,0,0.0036287403
34d1b15dbd804fd69c5ac8cbd3af0d2d,0,0.0044597047
3948c67df6c1d7c3c6e5c41c821425d6,0,0.005001672
657708199fff63c68df52cace27fe220,0,0.01515986
55a21b6c39a8bb791fa4c054ea1e9f12,0,0.005663865
22f7b9722c112c4116c7c02fafb87acb,0,0.0041420166
e6073402af90a204f04edbcd937a04be,0,0.008728267
43863bf5a0d1f871cfced65bc154db4e,0,0.0043230867
fc908f604fea92d17228582573344b24,0,0.0094125895
604f8bd23bb955e072cb4c4e95d0c7f5,0,0.029228987
ad4aa72cb2548ce76cdff4bdc8609869,0,0.004582765
980259746c683970f0997a3ee4e295d1,0,0.0059340666
30e90bc672a7583bd2fdb242f934c2e2,0,0.0047459654
d477ed6cfba2b3d45006307f40b3749f,0,0.0075187185
84f167877a1977e1884a0c92bec803ca,0,0.0037800956
1f96f7bf7a6317d5fac4690ff272623e,0,0.0037362208
a0a634585a06b2de0bb7f5a37f134592,0,0.007922627
2cf2dfad39c1f44191a089447ed1f3c0,0,0.0039530895
90c73e0cd8e4395c3dd2dc7fb244d021,0,0.0038996206
2a90c49b64c325193eb47b71abb75795,0,0.005080037
637f22b20021449be1dc481da64bd951,0,0.0046006194
d930f3d7baee462cb5c257887e3d5574,0,0.0054059
9d25d05cdd079b09eda32eea7c0fc4c1,0,0.005641909
a2a88616831e1bb25d15f0f83cbd6a04,0,0.011136502
8adbcb4e08b0155b73f7c558a3e61359,0,0.0050211498
d42ef15d5bd52c8cd77660461e57cf79,0,0.005030917
2399db015882dd1a81abec019e109cf0,0,0.019142363
270c1ae407ee62c5653b8b4dc5441494,0,0.005230278
82f01f82b4d997d8e80c1e2561fe16bf,0,0.010091315
eb542c42bd82e1ffc77eb3d9335f2ed8,0,0.0049149487
6e093aec43a8fcb66ea0ede9452585bf,0,0.0061570317
de68056c3a2b5a5ad366f73fb772ebbe,0,0.004736749
c3e82fcd9ef2b01850278c2e94f768d7,0,0.03904829
4e6f47bf9932db6273a84fa620b0486e,0,0.0053018946
b3d531c016e5f33e4e71a90f39e7103d,0,0.0041824942
59c09bd086c9b8c1a68e9f08426112e3,0,0.009596455
dd2b63b4eaaa25eaa7e95b9502d135b9,0,0.009878942
2f984cc74b6e40c6d57c11197816c8a8,0,0.0036713579
afe43f8538a570b44c7600f85864adce,0,0.01877907
aa5be46cbaf84325cf06030e97fb4f86,0,0.004663655
9226da78bd50ca5c8105294a62e8aef0,0,0.0054692742
18af4d26923baa8027be70c8178aa82e,0,0.9884919
9229b94c8018bdfcddadbcc4b7e45d1d,0,0.016403032
50437bd2e5012142c442778c93af2abb,0,0.0075333063
9b032808cd2670d3d0f90a46e0ebd531,0,0.010189338
2facc15a023fdbb393db48f8d8614e3b,0,0.005708034
bf9d91162cf5bf93fe8cd164b8450e92,0,0.0040464555
d19fbd44eeabaab5c08ed8959a75693a,0,0.004070138
60268f6cb2db891103ac6719a474d8e9,0,0.00402291
5517164d4a208bf54f3bb4d65b42e66f,0,0.00818791
44addafd371dc08ef5cb5e7a0f4e84a5,0,0.0054905633
6c55da7d0c8cc6aac1c30a5fd5f8d053,0,0.004348382
0aed3258bb445366444ccdb29e1bec67,0,0.004015092
65973dfb9a0e0b323b293898b2d7f336,0,0.0040543335
dbb875ed1f2b34f7f709b3d80af9f154,0,0.0045916834
731bed9fc506788e162c0c1d1b843e58,0,0.011755131
f6840264dc45ca3be10711fc44326df0,0,0.0050114016
3281fada712f2929ff7aa5f7b426bda8,0,0.0046006194
0672c60d862fda798ba8a683f6689792,0,0.009161026
581c1632f4bfac13e4b8daa13f08b47d,0,0.004198795
09cdecb07aa75da568318465cc48127b,0,0.014928338
f7d1888b1a6cf3c9ece0b318e2d40810,0,0.0077856546
b67a59e1f906039fc4203b4ee0c86a78,0,0.005312205
19217db03863711bd737433d78787499,0,0.0054374957
df732d803974fecc021650affa334cb2,0,0.06566473
c57e2caa793c2f197decd351ee1a6a1a,0,0.0035312069
52dc4941f61ae729dd983000ddea5a9f,0,0.008315778
e11e4a83d5ca4cd90bfc948f0a41a7d2,0,0.0049340907
a1ddd9bf7a16f7bc1226f3d17aba9852,0,0.003678509
685cb752bcfc7375d7bb5cf1b7e6b6ba,0,0.004451041
ba412a395170bfa6d944a0525ea601dd,0,0.004198795
282e3549373bc4dd59071c8b11478a12,0,0.0047000605
c6ef044bbddca051afe8b75bb51ce5a3,0,0.0037362208
bcee7b66a561093f386f1533b894dbfb,0,0.007740521
c2baf3147825025041bce9cd505533b5,0,0.011093566
a47161b9a8c39909ba30a38cd9242653,0,0.011961098
cbf78398aa84965c90b8b83a36dd50c8,0,0.0043653254
9b8e0f8502fd1eca9d0ccb10d2defdd1,0,0.0038543637
0da66df397454f7f6ee63f0c3106af3c,0,0.0034096357
1d1a60f462cf23098638a86c88a212c6,0,0.006277706
34c8f6ea5a26d58199a21d0a82dec701,0,0.0043653254
709589dc40e7ccfa28bb0dfecc7adf8a,0,0.0044683837
38c04f7cfe6f32854c529535f26a4261,0,0.0044597047
5d1b55b24373e8c8318c90f11f9e4974,0,0.028571244
b3022b27cf0609a544e9327bb28b6a4f,0,0.005395409
11f7483d9f5db60bc4b8e7d6424018fb,0,0.0047092056
6a5a82469ddc7aa8819f36d7313f82b7,0,0.0046909326
cd0c4167d7dcfd866c0416fa194eafcd,0,0.0040385914
5d00ddfac7128c5f182420f751a0bf13,0,0.00349701
704b11c10bf1f50e729329f9d61ae889,0,0.0040543335
8528680e687bbd78ae7fc9696e39f00a,0,0.004792317
8404d43034b2d4f52aba1718bf72990a,0,0.0045916834
52f9c8ba5800643869124b5216477aab,0,0.03268224
264d535a48acd94941aa444723d993b6,0,0.0040072887
44c48902ca6ecab5818bac86e18cb10b,0,0.009358114
fae0c9d3e8aa242b4791b765f9eea617,0,0.005312205
7521605fd8f3bcabe5148a2b8962fd01,0,0.0051396107
b68d69a5b6dc1ecce43bcd0695e62b21,0,0.0120770605
117ab413592307ad818b0631ac267ec8,0,0.0035796429
d34ae2aa0af7c0caf4bf62e103aa2134,0,0.017325716
d37e06c80fe48486142a7f1ae254ca2e,0,0.007800757
55494b4b4ad31ec2f23278656f692a14,0,0.0075333063
89176dcb278a00a37b6e95ab1d61213a,0,0.004150081
39affe0a648fb7eb32ed237674d179fd,0,0.01153039
c279db9a61139faf00e8fa8704126a4f,0,0.0054269433
a0514a99e0ee843aa633594cedb2bfea,0,0.005001672
81a020e48f63eabb939ddea71b97debc,0,0.004223366
c29992c51b995072dab4d6d816ffc34a,0,0.02426074
c7b617e36c99a521b0bfdfdd601b187f,1,0.85470283
25c127e7d0bc0027afab2e977aeeecf1,0,0.0041824942
219ff8c72e97722e42737f792d1fb385,0,0.020804489
df61306ae96d7872ac9904054bf50d5a,0,0.007080118
65e9dd603a17268146bee4b2ed4596a9,0,0.00498227
c734586c13ea1ef17581aeb21680209b,0,0.0069711166
d581e38d0588261f767bb7f280b2e88b,1,0.97730595
51b46a9592c6305ae35d5ae102d555e0,0,0.0038996206
f9ea4f8fc674aac51e5f8fd3f96c05af,0,0.0058653387
24c62d716e8b8a1a88907cda869b7181,0,0.0040780627
ee93e9c85ef9ee700d9199253208fa9e,0,0.008847355
a332b82f7ca27e3fcd10a5835c0fe9d0,0,0.0047000605
6cac98aebca0a83031fcd55856b8418a,0,0.0039607873
f4b3121cff80a5dd19599b09cad19c33,0,0.009055264
7c3a501d126f9e60771095ab44372520,0,0.005030917
1b449552a55e1cd82383a065faf5f5e3,0,0.0068904604
69815fd2a225c9b0e823e5afdda8411b,0,0.029035643
ede51e8dea101255da24cd803ddb6e4e,0,0.0033897832
021e60b4e9e4e45702f2eb1b4e6269e3,0,0.008251599
4900f69f469b3ca0d6480baffe600f93,1,0.14854057
bd78c5b00f48591e7a81480e4e664b1c,0,0.026531337
f29909577628f303e74d1643e69fe54d,0,0.004645557
82273ab930ef105750a0218061ee5b6a,0,0.0055119344
547672bde7ce812dd064c5b0790694b7,0,0.01778039
aee7f4939623e573a1f3259f15fd3877,0,0.003678509
34bc31002883516903562eeee594337a,0,0.010091315
a852685bb9da4539540c04d12074fba1,0,0.0041581606
1a48c27f43e9595f65b45a9b9dc17987,0,0.0063883206
9e3d87a339b8e0c39e7e88758904c416,0,0.055926174
6f4bfdca3db6d50f2f4efb3d477a59a7,0,0.004645557
93af46f0ad0000285db81a8199f05886,0,0.0048674173
f7f2c68237e2ef8d09f4216ee1a33e0b,0,0.0041824942
2162ff8c156e158cc432c956526bf160,0,0.003802225
8f20b9317c64e83b1906f1ae83cf7b51,0,0.06489012
0995f98a550fc48f5e4a9bf716442f17,0,0.0039530895
38a5e7dd7a385e6f202927bff05088c9,0,0.040464837
75b54729135dc4b596e129bfbb129b33,0,0.13910376
f04a875cd53025688450dcd9085222a3,0,0.011755131
bcd8c88f2a7d7906b3f3eb2da17bf930,0,0.006837205
71886130b48138429728ec5d1583ad28,0,0.003750789
c9c136a1ccb0c4e87be51a6668394bca,0,0.004848533
a22494f8ce1f93608c528a2f2cf12bd9,0,0.011938039
877e365daa2d5a6a236df4f74729d8f7,0,0.003794834
bd4ad4d37bd293d8fa2c168a9390d7db,0,0.003510649
ac56fc6310745342757ef2141b58e30e,0,0.0056969603
33359a810ff1d6a96df507485e620a70,0,0.005522651
c1928e71a889f866ddc9a849a6c58e6e,0,0.0035312069
e9dd3829cb16a637c75ce1fb69e0211d,0,0.005395409
e614e459a2d53ad17ef395edec5518bd,0,0.0058996035
397d1d9832a50d2c2df05efe77e9b534,0,0.006314365
bd0b1da8ed12e346f644353e854f8758,0,0.98531383
c087a5dd0a1d5ce084276cb9c95a0a98,0,0.004070138
937cb4fceb83995bd73d1d03b03c285b,0,0.089693524
bb106fee115e33ae800424741c1c0869,0,0.050846573
be47c8068533de5d27a63f0f674ddeb2,0,0.011597362
6d0c8538fcb2c4c8f039f0ae9431d6ee,0,0.016657041
59cb5c9f7b27b91fc115263b1a7c6899,0,0.003846872
a748df59e7725a7876cbed01f1916dcc,0,0.0065134987
316ba46e74d36dd7c8f5fc625d63a79b,0,0.005831272
ec12b1ff9d1dbe1f3554bed270cb5232,0,0.009394396
0cdd43071dbd53b00d97c204fb485670,0,0.00402291
8757b13688d416f6a0123b39262a3b96,0,0.00462753
3bf2a2c58200b36a7a8034cf553c8e6d,0,0.0075479234
55f80feac1b97dd955bf1ced0aefd2c4,0,0.004339933
fb6f7a9159ebb0cfc88257d3d4eaa217,0,0.00498227
3f167612e6dfa89a9839cbb6bea86d1e,0,0.009072807
b58eeeddbe5d3923bcf1b19d88fc0bb7,0,0.00498227
d4b5cae3b334eee06d9aebebd49d335c,0,0.005271083
2505279152f9f819c5a00999c601718b,0,0.0041099153
eaba4982e6ea7af68a59a72c14aafb31,0,0.006121282
411d0616e6323a34cf1d42cb4db61312,0,0.004256349
885c104e90882aafe9255b42ff85f6bc,0,0.0065642493
6b3201e444fd3cfc94639ac73e125039,0,0.07814849
35f87179f4e1ca53ca452b88496e8a47,0,0.0056091323
39085ddb97a626d7c851cdf02a53e47d,0,0.004248079
f369a78332ccb650c9a1b8fb4182c16a,0,0.004117918
a745c162576c767483cc8fd32cd7b6d3,0,0.009214366
971b389db97d35bc1a20ba3956070022,0,0.004848533
2297c43292803d0e5ac6e7f867e862dd,0,0.0062412596
f563a6bac7a7332086c4731c9335a3d5,0,0.006930672
c9de366592c509c3cb9e13dcf23d55ef,0,0.009394396
6ce50cafcf7d880a0788227b641c92c0,0,0.009090384
58528859df6415eab0890c2dc8d6f4d7,0,0.013821961
86a5aa43c04c19bb947af0184a14ba7a,0,0.00402291
9905c3df7aa99081c228d0b2cdb417e8,0,0.008694534
a0e58cd4f1b9306bab7ff8345518d12d,0,0.37550607
48e55def5e4fc741b10d9dba055267ea,0,0.0033569518
e22fd8893855c5ae6ea521a9d687d1c4,0,0.005149607
00de41a92c4070050ca3d8892d1497e9,0,0.0033897832
89446f386bdb9874c83312a677fdb4e0,0,0.0044079763
a0b5af8b1b1a591a8d9f1577c7962d7b,0,0.9462997
d17cfc3490820da0c8bf31560a292429,0,0.003510649
bf35f87907837bb72aeac8b87f7ea0ad,0,0.0037289574
a307eab49bdaec7b4af3376b8eb22c6f,0,0.03143985
8a73533f2e499c3cc68bbf685cd63e39,0,0.004331502
72c0137de130232f11f254555d061e1f,0,0.019345103
aa227aefed7ad533a96bfc9f9a8cece3,0,0.008711384
5857f89cbd5d142ff4eb4e6caee2b108,0,0.016466174
51a58cbcaeaf95c2800934b489daa850,0,0.0036499873
4354fbdc016892fc18ba508325a90222,0,0.005708034
5b859a683c755a0590532f3c6816cf5a,0,0.0073173973
e651456d14d19c374da42418bc7e2635,0,0.0053536464
08dc111b3f0fbbb20ea7a95b254e3903,0,0.0061331755
2afc40ceadf6081315ca56ad884f01a9,0,0.0051797125
0e0537244520fb2537cf54c393131688,0,0.0033504234
bb65d479dfa3c6cdb432320cc2f877a9,0,0.010839369
88c69bb656da43948e004645527a4c36,0,0.006302122
4ce3e8ad7e8a22d983b262e78e8ce1c4,0,0.014587567
dfda1a1487ef4dc52274b36a7a0eb808,0,0.008830246
92deb1bca768e373119499fb840ce281,0,0.005831272
de434eaef530e88766a2567bf3c8915c,0,0.005554925
47201bec6a117adfe2ef664b6b84b80d,0,0.0043994132
8d8116b58974ef42850c69e30a6180d4,0,0.004198795
e9ee7d1b259b0ce4139caea21d000889,0,0.007360082
5703f86d93b4d397ed2897edcbd69c82,0,0.15071502
2769b3a1e999e584fa7936b3a63b0744,0,0.015967654
af86ad3f5bc870343a6735dcfc6f5f14,0,0.0059919516
2f1db4ea326531bb0e0f1b13297f498f,0,0.0047000605
00f4fa8a1083770cb5ac2c542247fb1a,0,0.01153039
c2787ef3cda8dd011023e8e095eb8a9c,0,0.0054799085
69421f943bca4ae05bc8cb297a4324f9,0,0.0037654138
6471180e4268629924c114355aad4850,0,0.0045032725
1168cde202a08faca1d7a3a02391170d,0,0.0059110695
346d0b0181688da99364fa628bca0cfb,0,0.004248079
cc2d8a7bffc4d4fd833f21e7baf7814b,0,0.006438102
6c359a051f656f9f3fbeea680a7f57e7,0,0.010308208
9d70b0a95ceeaf9771b6c8257180c779,0,0.044307213
a0b4a4aee45bf54e6f1d8c7f502cde79,0,0.004477081
61c5f7bd7b61d92c17f1566a0d025b19,0,0.015394919
166129d03d31076b0f82875903a954e6,0,0.0033766124
2803bc3f4a6a207a149a880a573ecd50,0,0.7238466
24a4af487423521f83f790e22ac18b1e,0,0.0075479234
0c3a26f759caa2372def6016dfab7185,1,0.011755131
d6a52ec2d1a4840370e14971b88bcc12,0,0.0042069694
c31f40204ef958a954834419ebcedb19,0,0.004820343
6833649b1e171aa7dc3fc6b4dc639fff,0,0.0039300853
a43e82753d6c54973da53b34edb35933,0,0.00402291
749123565d993fed6dda06c59083e420,0,0.004792317
2272f0dfcc632f974218a94ff7941c54,0,0.031084951
b77e825c75cfd826d1780878b95ed1b8,0,0.0040385914
afc4cae659141c0f862b5384ee7d5792,0,0.004314688
ca1db467545a1ecc634d01980172bdda,0,0.035344075
97bf5da6356f30c366d774d1e91d9cab,0,0.032252762
e92ebcd6ddd4abdeead59bc4e26cf32b,0,0.44244075
8d420727ec9324b43ee8eedb3d0fd36d,0,0.0061094104
307f31d9b2f84396a020de2d73dc579a,0,0.03393996
975864169e0a5dbebed782b680ac2611,0,0.0042151595
e4ad54080830d70f8e1c78e940c236b2,0,0.0065008723
5d2256af91af07a98ea83ab8962fe697,0,0.05582314
06308ef97a0fa5358a3c88a9efbc8851,0,0.006003596
db0411871483923c308142e6fb37dae2,0,0.0038244836
ffb5f15c7681d68ce0a94bfeab1ea6b8,0,0.004477081
693ea2e4ce6b3a5304a8c2296f2490e8,0,0.0045738644
2c3de2217086e79b21ff313295947ccc,0,0.008172064
23683813dacf2871501a3bb172baa704,0,0.0047552
501deea33c5eca5aaf00cfec3e8cb997,0,0.01189205
70bdf149085578183d5bf5a0ace15e98,0,0.005291605
41210c99653f6d1fc7309a2be95094a9,0,0.0036006027
7cd1ed7e2edf8a00aa3d9af56a585fce,0,0.01214717
0f96fedf730f895f2b6a315f6268763c,0,0.006363574
a0d5657498e4de1162b1a4841b654c1a,0,0.010308208
4a7f3f8b820d8c8d648f191ab9aa404b,0,0.021084841
541a25974365c55addeb01dbb8e6a02f,0,0.0044597047
b7c23e6cf019259d3153620e712e1927,0,0.17660059
a8ae87c112c059f3076dc015572c9793,0,0.003714474
f27eb8004b113236730328914978a680,0,0.0041019293
9927cfef1c6d5bd5a0dce9b93f25a475,0,0.0037580945
8cbf3a6f37bb39d83b4486759b0fc7bb,0,0.00478301
4b39ce591834b6de18f030ba392876ef,0,0.017543187
ee1cb7f94589631bb7a24b03ed6daa74,0,0.0042069694
8090e6287d5bc3dfec2440a4318300bd,0,0.003538086
b2707cf9a7bc9745b08f4fc0d1f8be64,0,0.003572683
5a1fc35d43058b38be6890e016a5df87,0,0.0034631437
2d140e0c607584e2c8faa85ac4671d0b,0,0.004030743
9f12d1a1c2bcd3814426048cf377a7c5,0,0.007080118
c7c9f86b2987346d51cceee3cb6481ee,0,0.003449689
97dd6f39f5eb10b6fb9cc7d62f7a1bed,0,0.005149607
447a2436618452c12971ac0500d262d6,0,0.011266297
612d164f902dcab94033af8382e72894,0,0.0054374957
2cc88dd56a37a4160f11d4115228e096,0,0.014728613
6492fad3dc1921ca5289cc692e2b4ab7,0,0.0065388246
3cdb98ccb27bd44d9429a2f5019af976,0,0.0045472644
b14da34938c04b05ebd30320db76bd3c,0,0.0047644526
12c26b988de1b8e001b37cb3fff40424,0,0.0038393948
82a346751239d9872501161fb6949022,0,0.004093958
cb2fb9080c52b4f632f3493f38e6d48a,0,0.0059919516
d6172960f9307c07bc9c55bc06e74156,0,0.0130707845
382b3e0f545b9f774e89c5ae829a4107,0,0.004198795
5a1cd901e7739acd084ecb4e1a16747e,0,0.003869391
cdff0cf98f3ee68d86211c5fe20cbcda,0,0.003524341
5b6a9f68001eb6c55155de5216b5126b,0,0.018352037
280ac539efd2a7a68fa1e019d0ff0d1e,0,0.006121282
18da31e3ca9858620fa21648173cb1e3,0,0.0035312069
16a618f294efaf92b275acf527beb697,0,0.0033897832
03e67512a666c3a9af1aecc5ae61bbc1,0,0.003503823
ee00162b5b775f9a0a891c52f4e278b1,0,0.006085737
07adeb7f464f39df8fd686dbc5856069,0,0.0040622284
7f7d03bcdb56eb658d410d6b2e8598cb,0,0.0048579657
05b09fb93cf08d6a6c0693f87e3f36c4,0,0.007504158
8c60f5f501c54dac237473773e9a7720,0,0.0036428906
37233c9b254f8ddfefb2a959eea337ad,0,0.008203785
64edc2fdc0e040c1ffc0091ce7b7f980,0,0.0036499873
001205be471f9f26a4238382e8bf07bc,0,0.0037217084
d4559913b83dc9aa12fd9c8ec7d09a65,0,0.0059919516
a6794c871d90e08302b7d611ddb12fe2,0,0.005050508
2684a9278114f769f9cfca2c6c956ca8,0,0.005384938
81c2a87366be74ede6b9565d432247bc,0,0.004792317
364b68fbc69c7b25059ab3cdb7c3b554,0,0.008140463
5333bb214bd05cf9d1a8ea2574953a13,0,0.0043738233
389c0430a721d83cd7338ef374d7d5b7,0,0.042206
30759c629fbc924e451c433d1257cd6b,0,0.0051797125
0748994cf38b3824eaafacaadac2cff3,0,0.0077555366
5bc0e0facd9d0129e62b335c62f432c6,0,0.0036499873
d53f8cdb3de541f7d8760c11d949f8b5,0,0.004582765
6c65233003d203633c6636248c5f9786,0,0.0046006194
9f07dbf5195ee2baba7c1a784b98c9b7,0,0.007218753
9e5db9e374e1a990c98c3a86730abf2e,0,0.006400731
957ce3a6061c3f5135bdd6aa222e211c,0,0.0053536464
1970a300ee926fe8cd21ce5ddebfb296,0,0.0035312069
0ae0fe881c6bc7aa283773b53f8c5e3b,0,0.0052608517
da3181cb63a420011b8b405a76ca09be,0,0.0038244836
ef06ea2d34f0f44103d6cf763118267f,0,0.00577493
0f5391f8c74f7c2dc768114603b878d3,0,0.007190812
705d6857de702e0f32979798fb7053db,0,0.004331502
3cc561c847e70e00a08a0aeb97f6fce5,0,0.0059919516
a4c658a473289f0aaa7aae2917a66028,0,0.0068904604
eab6b43967de134d38073dcf463b28b4,0,0.01498589
41d1d45f9bbd285d8cff0a22feb580fb,0,0.004297939
b3bca34ba10efd1e92f88b5ccff940e8,0,0.007876707
1cbc8a5937d17fdf5a191eae2920b7e4,0,0.005281334
b49de81a8bcf2e08c264a74231ea29e0,0,0.003937739
56e476556daa50b6e0824d2b435969f9,0,0.0036428906
8c056bd49a4f778f3f62bc63504601f2,0,0.008219693
9972d4109bcb1ca70c24274cb4d96273,0,0.0035796429
82a33f745549f50ddb849c0f0d68736d,0,0.0056748753
8234f6cc4fe42d9ab21f1e717ec5a3c8,0,0.0042315875
0ee7f6c319c2496c45ccfa79089c438c,0,0.028517084
a6f26d0ca51d90756ae4766b938517ad,0,0.0037800956
36febf7296bca23dabfc9a131bd9757e,0,0.00498227
48279b94e4592360064d86c1f9f7063f,0,0.008694534
9b00146bc5ff503f4b544ec875053ba5,0,0.004962942
0216a0a269b0e571835d510d2506c9e3,0,0.032836955
04d47bda492904ba92a4a18fa7c71296,0,0.015218292
d1ce2d59875db0f66bd4f3fe272c10d7,0,0.007135252
2750b6b483e5b214bc02aff671bf99da,0,0.0058426056
608dc97cb79910606898f61ae48ec16e,0,0.0034902103
9378a121a24848e2b3e2a4fe561515ca,0,0.005220126
bc331bc44bf4127719f2d3964f619ffa,0,0.0049245106
1dee666854209135cf067bad4eb2116f,0,0.11661303
bee7286339fa4cbe4a6d864043934a15,0,0.006475691
1bb2b3dc41258ec27548092658d67012,0,0.004943689
436a4411e02a79e3ac6d8dab4b8ab85f,0,0.00619299
f9510d7c9d127f52e43664e820f5fe84,0,0.0037000459
c1c0cad6ef4c60dc0357218660c98c36,0,0.036185976
270d85ee01ed8cf637cc5cc70b076940,0,0.0076214303
7d593e38d85435442185fd7a240429b8,0,0.004015092
260d5ca8618a190065953a5df4a9a84d,0,0.0034834242
78369b08b343b55e16e67fc872f919d2,0,0.006277706
9201faa1a8cd27ac4bf79a27b16c424e,0,0.005271083
95223808c726fb35624615c990f22fb3,0,0.004117918
39ca41b305eb6a61103687ea4d1b036d,0,0.003750789
b6006855ed4ca9881f8551c4cfabd4e3,0,0.0038096302
2926f368009f1cf78be979a1e5f21c4f,0,0.0037580945
c63d15fd81e8a4cd826d7f57f9e93ebc,0,0.006903838
652c428cfb0094957fadcbade8a62b9d,0,0.0059919516
45e329f78dafcdeceb06955a198471be,0,0.0044597047
484447ac06eca027ce0a113fcbf84eff,0,0.0094490815
90cf45eb1cc859bc3fbfad137b1cb328,0,0.020804489
28bb085b58ab406ab94cac984ad11ac0,0,0.009596455
9d93a072b5b6df5691ef55c5f1014830,0,0.019437954
cdc020a947d4c8cf36c9c3b29609edff,0,0.0041019293
cfaea94be03bc0d330356a869b2fe5f9,0,0.0050998176
e1667b246f871c7db12c69f5a48b44e5,0,0.9755769
6c67f6e37014d3df52ae55de1f2c0300,0,0.0058086696
28fab91bf886a2d231c5ffc8b2f6600d,0,0.00660257
0e737a34495e80ac9f37bff022208d1d,0,0.0043994132
4f8c589edda656474526f38caf8afc8a,0,0.006400731
700796e41066acc47cee5646dc669783,0,0.0040464555
6cceb4f8e337de6160696f7f946b16ef,0,0.0041420166
c753e7a43853292b490f50b84d5e0142,0,0.0041581606
84e229fb0b943a26416b6d29f13ce322,0,0.0045916834
791316d5d540083aa2f3a84ebd9b26f3,0,0.0045032725
a5e73f32ba57163c3bcb973efce38bdd,0,0.0072047687
8a76631e7d68366d000307a8595979e9,0,0.0065515246
e57884c59467e75482c6a05d08a14e32,0,0.008950711
bae8e671c54dcb078de5630e55c5b316,0,0.7698598
4ea8c5c63299263a28e91e385529f5b4,0,0.024122424
2a9acdd57b0f96a03351dc867ac81ebd,0,0.06447655
636a9cdb8382a9b0cc4cd796ce2e0098,0,0.010448625
b205b7eab3283c2e828cb4134291164b,0,0.037856843
73c6510a1b76166931ddcb43b4f47683,0,0.0121003855
3e834c62c94f7283c48e7ebbc5c537a7,0,0.004339933
6a4be92c46dc6805e714d04be20689f0,0,0.009540926
7a4782ec172df163ac707e91a4e28ce5,0,0.0064131636
479057847a600d06218824e5554849eb,0,0.59854686
bce833f4658ce1800444442d7141b160,0,0.16377953
0b4317f831a468a28aacb3073c63b621,0,0.009615036
760aff633903da7497ad921533e81c6d,0,0.0086441785
9d776a24324407fa0724023bc7b9593f,0,0.009340025
395d4e6d4a66ce260ca234db02c9fe1d,0,0.107718736
fb60c23e7c2c54c545ebe4d68d8c3fcd,0,0.003305079
a5eb80a1fedac474ffbdd0a547753e72,0,0.1390453
7542bb18633086118292e57b18a05f94,0,0.012217682
a180193e4cf15ab53f859ddf90c0086c,0,0.005169658
5796a615497b0d44f8fa7295f81414a1,0,0.008015269
6a58f40159ba334dd715d97c85882b90,0,0.006463138
01af646ab0b201851dfd9cb9c3751365,0,0.45341307
5b410096484711a4169df49f48449898,0,0.7867867
70478ef5bc8f1bc515629b06f7b2b017,0,0.004248079
b22c9a54608d694fa52b97d725090cd6,0,0.004736749
d9148cf810dc33e825c78b6bb657097b,0,0.054651037
f56fe3c322bdb5b766b8cdf3ebeae78b,0,0.0039300853
a5fda66c0598c7a6ccc6aed938de323b,0,0.24972162
70c3b7e060bda9308bd4e0154e707fc1,0,0.003254005
a863ec360aba4fc554067a29a07b1e66,0,0.007232764
a8dcd3a50194746ebcf717f15856f726,0,0.008813167
33145d81118e835be28f1590c3088c9d,0,0.022243667
48fc18b71ea1e38eaaf9285a5c8de9fe,1,0.024099445
1d05946c0e501560d40d12bcf73d120f,0,0.006026952
ce66ed84303b2a479f5688ab0265e418,0,0.01925269
3daf0cb7c91c296a5c50d72fc8679786,0,0.003999501
073c8ba6adaa9a667e1abb3c712fdd61,0,0.028816199
73802814c54b273ed60da40e97704267,0,0.004306305
fd0186eff3593e653ca698253516252a,0,0.009090384
abf5fc73feff91cb6aef1356c9ef1619,0,0.07978202
ad4767cb00d4056ee3f90516abf11818,0,0.008711384
e6dfd42e0b4f994de6383f947ea42d65,0,0.008315778
0e8dcfb17a7031376c9b24f100f32908,0,0.010944578
0ce9d824170aa07844397c50a6b11b80,0,0.028980628
a731f898ac86628b2134f95ab056b248,0,0.012359919
0351d27a87646fd9d905c0892e3d09e9,0,0.007800757
4fab13af3456f30e17a382099ade1e94,0,0.0049725967
8fe7e991f1b52004b9a4df583c421bb3,0,0.008813167
40b3bd3f189d9a9b17ba80558ab2df17,0,0.0048579657
3a5e7cba988b138950d1ae5bc86a873a,0,0.015906392
4ad40a459f13dcbdf617a96360763b25,0,0.004477081
48493cdccd1926879cc2d9780375d589,0,0.03339982
b7a2b1bc10c5f2a48a0f42a7cca3965e,0,0.008847355
42fd0790641d7db63d14bf0f0c0edf50,0,0.0059110695
06b82646562d2bf15e9040316bd7cec3,0,0.006475691
7b90eea90b46e7ec1d7cb21323baf554,0,0.01468616
92fab381f744fda19f302778c862f6e1,0,0.009727271
875847169bdd478ecb046fd4517cd8ba,0,0.011201214
dd901a1694add89e667e2383f6744023,0,0.003678509
733604b78f8beb7fedd07f85e0acd281,0,0.009764973
c74a088383f2819a4174675e83fcc8e4,0,0.009340025
7672d2eaf131d179c98983d74e383ff6,0,0.0069711166
08ccbb535900748a2ad21e993cfea7af,0,0.00478301
d0b9d246be9bdaf0c4b6d94451d039be,0,0.0035936027
5b69ad7914a4b56dc886abec65cd8802,0,0.003449689
52f3d025dc3b69b81416e239dfa05428,0,0.0275591
ab3e39b89981074b3bd25a3debca3953,0,0.005030917
e6e9cf72cae321b3143848917bf327fe,0,0.0049725967
e7c9466bc36d94e85c4bc36450bab533,0,0.0036287403
92e73c00ac24bad30577f48910aea36e,0,0.00662824
3d755ca751a4c7e8257daab852a5badf,0,0.009072807
129657862b3a6f9489e7897a54b6e6d7,0,0.007135252
34265c40f2ad6e1d570c4a38d23f7d45,0,0.0045296163
0f09ed573eca2dd4b278a47bc624665c,0,0.008348054
5b4f19a117c910d18d2de76afaa4a3ee,0,0.0059919516
62bc81b23f470eaa18a7359e18c14665,0,0.005291605
7d57c4d6f9551724b3517eaf190b7ff9,0,0.0037580945
7156dfa2558122882a545daa7da9ae58,0,0.0048109824
49e1b8dfbc662e66df7ea07021d2d803,0,0.0042315875
d09a4b53999b244da8d028c13f71001b,0,0.004886375
bd404cfc2d336745f7537ecefe3ac6e5,0,0.0034631437
7b60924aacb72c2778ebc7d0e754b8ac,0,0.008124709
af35f3aa5dfb8fc27e97b59d927dfdc5,0,0.0061094104
af097a2af429ef2d942ee8a205d0b32d,0,0.012053779
9cddb8a2379cc3f5e61837c325c504e7,0,0.01046884
20a395dbb62712b7cbdd498b941c85f5,0,0.003937739
9452e178d6964bd3b4ecd18f48b05f76,0,0.0074751205
75e3111d96ee56cba77b382d322c81e3,0,0.0057525453
224f163d5061d3e3f35831ab1538d9f4,0,0.017526364
74b2197363da93556b0e04d185b00515,0,0.003572683
02c0703430eb2ac812e17262af91ad64,0,0.0051897867
7503fc8110b558f63d41037b7b7486fb,0,0.08694165
c869a21cc0e1151caeee30c3b6eea8fd,0,0.004895881
7019ee786cb57062bb85104c0f0cbad6,0,0.003794834
148c63783d8575fe776b3333cb84b4ef,0,0.0038920413
18ac479b7c8bb444b629f85e64d4fbed,0,0.013045614
c66b4fe2f58781af5f2ecea2b0653c4e,0,0.004339933
6bf93a126cdedf398ba0c71029d157e9,0,0.006463138
670ab6c846f61e7ecaa095c70501b1cb,0,0.0071629784
3ba2a751a5d4039d611808f13eef5087,0,0.008462
af494e56255338926d3d087cff790114,0,0.009232215
b44f79ece8df7775b1f73ee170301e68,0,0.007562568
d929fba423b43541febd645dab2a7896,0,0.0037580945
0823442553b0c84d5d57b6d3764c1569,0,0.005652876
c6bc55f9438159088f2e701b9f7a8374,0,0.004416556
281f8175756fde615dec15ac98d1875d,0,0.011136502
6f126ef1cf279aeef70cd8dbdca0f153,0,0.014392335
c062dbea10cd49400af0dccb85203faf,0,0.00349701
48d6e4f61a7b823eeb4eb5eed9e8552e,0,0.010860332
f5d46c53ff7143b0f9e7396c0a3b4731,0,0.01200735
248ccfdcdb7235f579cb360d726edd39,0,0.007190812
10671fc4e76fd22b24b73a02d6940a49,0,0.015262262
8327e5f72a802965a994de10df7281b6,0,0.004991961
48fdb5664b3140d87a0fd5becad87a01,0,0.008156249
f6b283b06ecef5231936565c0d586237,0,0.6800824
267090eea3b57b333565bb5315f64eb8,0,0.0039839703
ab27e20863359c17be5e3e27b87f35fe,0,0.0045472644
cd789e11cfa16df10c50ac963399c99c,1,0.98398626
2b0ad433460c14d4508a771c18082fd7,1,0.95751673
84d601d72da21f1345a8221e53153074,1,0.99530905
af08e7f9c198ad765a8e327d812f3280,1,0.9951609
05a9f2dd9ddf605347fa96c31d1b1b24,1,0.10511864
816db9ec75dd609d0689b7b6fcca3909,1,0.99329424
c68150c7300d1bd43fbcc2c33ae99fdc,1,0.98571813
78ca9be77669c7fe5c988d22d516508b,1,0.9958901
969e869e99841cdb05b16772177948c9,1,0.2717829
cdbcde911c62fd1acbb5cc06c1338c5d,1,0.98378503
6372ea7e06ae396c0f3c861e9ad7a006,1,0.99687636
ceda06afcb9db2772ea3adc1d909bdbf,1,0.9602495
fb53a272bfb4becd336590686bee45b8,1,0.010776726
30a1d6e5746adbc0b5379b37b8abcf6f,1,0.99038494
bb9c2cb7aca7c80d66968a4a100d885e,1,0.99485034
6fcf98f540c1c91c21c0f066c6ac889f,1,0.36274344
67eeae6205133bdaa59127babec2ddb2,1,0.027454607
336c0c8db6d4cdf61748e807ea5affd7,1,0.99341017
9717eb0cd3928a6445f900e6016b58c1,1,0.98953116
9d02fde9b08aed39b731d380224ad9b8,1,0.9160345
20d08a27ec3b12cc8101a215ef548449,1,0.986904
f87fdce408da95cc36142472de378423,1,0.047869008
acedede3663faa240c4002b872ed7d15,1,0.9787127
9cbe562d72b46caaae530e97a1432ad2,1,0.9954704
9289e6f22c52e3c2d39bc57c753d45da,1,0.93985814
789d606ce1bacc00e36eb242ada1b7b4,1,0.006930672
28ced8f1d70020023f35a6930e644fb3,1,0.99695444
b528dc8eb48485f1bab7ae824dd76cba,1,0.004645557
8e00633b785a3acb737931698a75d6db,0,0.0042315875
57fcf13861fe944efe17b7a2fd6184f6,0,0.005332886
549dcaf62f3d3538e28369573f93f61c,0,0.0036642202
adad6ef2bcc329ceb442a78c47080ed4,0,0.0036856742
f2ec2e78e811242469675d92aae469ae,0,0.0038920413
ade9fe44da8461f8ebea27deecd52a32,0,0.004331502
215bb4df43f3cb9838b0ecd080b9be7a,0,0.0036642202
bc0f74627feb695da66a5d2432b05fb5,0,0.018869253
